{"stats":{"minecraft:broken":{"minecraft:leather_leggings":1,"minecraft:stone_axe":2,"minecraft:iron_sword":1,"minecraft:stone_sword":1,"minecraft:leather_chestplate":1,"minecraft:leather_boots":1},"minecraft:mined":{"duneons:boxfood":1,"simplefarming:raspberry_bush":3,"minecraft:jungle_leaves":7,"duneons:swampfern":3,"minecraft:stone_brick_wall":3,"minecraft:grass_block":78,"minecraft:mangrove_fence":2,"duneons:inventorytable":1,"duneons:dungeonbarrel":1,"duneons:swampgrass":10,"simplefarming:blackberry_bush":6,"luminousworld:savanna_grass_2":5,"duneons:fancyfence_straight":1,"minecraft:spawner":1,"beachparty:seashell_block":3,"minecraft:iron_ore":2,"minecraft:iron_bars":1,"duneons:highlandlog":5,"hamsters:hamster_wheel":1,"minecraft:green_bed":7,"luminousworld:creepbush":1,"luminousworld:tall_deadbush":1,"minecraft:polished_andesite_stairs":2,"duneons:azure_crystal":1,"minecraft:slime_block":45,"minecraft:seagrass":2,"duneons:wood_stronghold":5,"minecraft:stone_brick_stairs":11,"duneons:creeperwoodstallgrass":2,"minecraft:smooth_stone_slab":1,"minecraft:grass":92,"beachparty:palm_log":3,"minecraft:oak_log":25,"minecraft:sand":6,"minecraft:dirt":7,"luminousworld:grassvariant_3":12,"duneons:dungeonscharreddirt":5,"luminousworld:savannah_grass_4":3,"minecraft:oak_leaves":21,"iceandfire:silver_ore":4,"minecraft:mossy_cobblestone":5,"luminousworld:grassvariant_4":1,"farmersdelight:wild_carrots":2,"duneons:rug_3":2,"duneons:highlandtallgrass":1,"luminousworld:grassvariant_2":25,"duneons:highlandfloorslab":1,"minecraft:moss_block":2,"minecraft:mangrove_propagule":1,"luminousworld:yellow_grassflowers":1,"candlelight:wild_lettuce":2,"minecraft:light_blue_concrete_powder":1,"croptopia:corn_crop":1,"duneons:cobwebdig":4,"minecraft:vine":3,"crittersandcompanions:silk_cocoon":1,"croptopia:elderberry_crop":1,"luminousworld:groundpebbles_2":2,"minecraft:bamboo":1,"minecraft:stone":22,"minecraft:bone_block":1,"luminousworld:soft_birch_log":2,"beachparty:palm_planks":6,"duneons:redmushroom":2,"minecraft:crafting_table":2,"luminousworld:grassflowers":1,"minecraft:tall_grass":9,"minecraft:lily_pad":1,"duneons:leaverpalm":1,"farmersdelight:wild_beetroots":4,"minecraft:birch_leaves":1,"croptopia:tomato_crop":1,"duneons:highlandfern":3,"minecraft:coal_ore":21,"duneons:palmlog":6,"vinery:jungle_grape_bush_white":1,"minecraft:cracked_stone_bricks":2,"minecraft:stone_bricks":1,"simplefarming:opuntia":2,"luminousworld:elephant_grass":1,"minecraft:mossy_stone_bricks":1,"minecraft:fern":1},"minecraft:dropped":{"minecraft:lapis_lazuli":1,"minecraft:oak_log":6,"minecraft:baked_potato":4,"minecraft:lime_terracotta":1,"duneons:cobwebdig":3,"minecraft:red_mushroom":2,"minecraft:item_frame":1,"croptopia:tomato_seed":2,"duneons:palmlog":5,"minecraft:dirt":6,"croptopia:celery":2,"duneons:wood_stronghold":1,"minecraft:bone_block":1,"luminousworld:clovers_1":1,"minecraft:bone":3,"minecraft:stone_axe":1,"alexsmobs:animal_dictionary":1,"duneons:highlandlog":5,"minecraft:beetroot":1,"minecraft:oak_planks":8,"croptopia:blueberry_seed":8,"minecraft:trident":1,"croptopia:blueberry":2,"doggytalents:rice_grains":1,"alexsmobs:banana":2,"minecraft:written_book":1,"iceandfire:manuscript":1,"duneons:leaverpalm":1,"minecraft:wheat_seeds":11,"minecraft:mossy_cobblestone":1,"minecraft:book":3,"ylf_mod:cleanleaves":1,"minecraft:apple":1,"simplefarming:peanut_seeds":1,"minecraft:stick":13,"croptopia:celery_seed":1,"croptopia:grape_seed":2,"croptopia:tomato":1,"candlelight:lettuce":2,"croptopia:nectarine":3,"duneons:swampgrass":13,"croptopia:cauliflower_seed":4,"minecraft:string":1,"minecraft:lily_pad":2,"duneons:swampfern":4,"simplefarming:tomato_seeds":1,"luminousworld:soft_birch_log":2,"minecraft:bowl":1,"croptopia:blackberry_seed":4,"simplefarming:raspberries":1,"croptopia:radish_seed":3,"croptopia:radish":4,"luminousworld:elephant_grass":8,"minecraft:bow":1,"duneons:crystalblue":1},"minecraft:used":{"minecraft:moss_block":1,"minecraft:beetroot":1,"croptopia:blueberry_seed":1,"minecraft:shield":7,"minecraft:iron_sword":1,"doggytalents:rice_grains":1,"minecraft:carrot":10,"simplefarming:blueberries":5,"duneons:wood_stronghold":1,"duneons:moondagger":213,"beachparty:palm_boat":1,"woodworks:birch_chest":1,"minecraft:furnace":1,"minecraft:potato":6,"croptopia:tomato":1,"minecraft:stone_pickaxe":103,"minecraft:oak_planks":13,"minecraft:wooden_pickaxe":27,"luminousworld:groundpebbles_1":2,"minecraft:white_wool":7,"simplefarming:strawberries":1,"croptopia:orange":7,"croptopia:nectarine":3,"minecraft:bread":8,"beachparty:seashell":1,"croptopia:toast":1,"minecraft:light_blue_concrete_powder":2,"croptopia:blackberry":3,"minecraft:oak_boat":4,"minecraft:stone_sword":132,"woodworks:oak_chest":2,"minecraft:wooden_shovel":43,"minecraft:stone_hoe":17,"minecraft:torch":16,"minecraft:dirt":66,"beachparty:palm_planks":6,"duneons:rug_3":1,"hamsters:hamster":4,"croptopia:grape":1,"croptopia:lemon":4,"beachparty:palm_door":1,"minecraft:baked_potato":12,"minecraft:green_bed":7,"simplefarming:blackberry_bush":6,"minecraft:leather_boots":1,"minecraft:cracked_stone_bricks":1,"minecraft:lime_terracotta":2,"minecraft:crafting_table":3,"simplefarming:blackberries":9,"minecraft:campfire":1,"minecraft:book":4,"minecraft:apple":14,"minecraft:suspicious_stew":1,"minecraft:stone_axe":180,"croptopia:cauliflower":1,"minecraft:cobblestone":6,"beachparty:raw_mussel_meat":1},"minecraft:crafted":{"minecraft:oak_planks":64,"beachparty:palm_door":3,"beachparty:palm_boat":1,"minecraft:stone_hoe":1,"minecraft:wooden_shovel":1,"minecraft:crafting_table":1,"minecraft:wooden_pickaxe":1,"minecraft:campfire":1,"minecraft:birch_planks":8,"minecraft:stick":24,"minecraft:stone_sword":2,"minecraft:furnace":1,"croptopia:blueberry_seed":2,"minecraft:stone_pickaxe":1,"beachparty:palm_planks":8,"woodworks:birch_chest":1,"minecraft:mangrove_planks":4,"minecraft:stone_axe":2,"woodworks:oak_chest":2,"minecraft:oak_boat":2,"minecraft:torch":16},"minecraft:killed_by":{"minecraft:zombie_villager":1,"iceandfire:cyclops":1,"iceandfire:siren":1,"minecraft:drowned":4,"iceandfire:sea_serpent":1,"minecraft:zombie":1,"iceandfire:fire_dragon":1,"duneons:cauldronslime":2,"minecraft:spider":2},"minecraft:killed":{"minecraft:cave_spider":1,"minecraft:spider":3,"duneons:wraith":1,"minecraft:skeleton":2,"duneons:cauldronslime":4,"luminousworld:trout_fish":1,"minecraft:creeper":1,"duneons:mountaineer":2,"minecraft:pillager":1,"minecraft:zombie":30,"minecraft:slime":4,"minecraft:drowned":6,"luminousworld:savannah_zombie":2,"duneons:frozenzombie":1,"duneons:beenestmob":2,"luminousworld:swamp_zombie":1},"minecraft:custom":{"minecraft:interact_with_crafting_table":21,"minecraft:open_barrel":5,"minecraft:leave_game":4,"minecraft:time_since_death":29536,"minecraft:sprint_one_cm":760653,"minecraft:damage_blocked_by_shield":480,"minecraft:drop":95,"minecraft:talked_to_villager":1,"minecraft:play_time":276760,"minecraft:deaths":14,"minecraft:jump":2237,"minecraft:walk_on_water_one_cm":55193,"minecraft:interact_with_furnace":1,"minecraft:sleep_in_bed":11,"minecraft:open_enderchest":1,"minecraft:damage_dealt":11719,"minecraft:crouch_one_cm":10108,"minecraft:interact_with_smoker":1,"minecraft:mob_kills":68,"minecraft:interact_with_campfire":20,"minecraft:climb_one_cm":10610,"minecraft:walk_one_cm":966984,"minecraft:sneak_time":4253,"minecraft:walk_under_water_one_cm":31746,"minecraft:boat_one_cm":377925,"minecraft:total_world_time":276760,"minecraft:time_since_rest":29567,"minecraft:damage_taken":5213,"minecraft:swim_one_cm":59053,"minecraft:fly_one_cm":336980,"minecraft:open_chest":67,"minecraft:fall_one_cm":40625},"minecraft:picked_up":{"minecraft:seagrass":12,"minecraft:suspicious_stew":1,"croptopia:grape_seed":2,"minecraft:stone_brick_stairs":10,"minecraft:string":1,"hamsters:hamster_wheel":1,"minecraft:beetroot":2,"alexsmobs:emu_feather":2,"alexsmobs:banana":3,"simplefarming:blackberry_bush":6,"croptopia:blueberry":5,"duneons:highlandlog":9,"minecraft:mangrove_log":1,"vinery:jungle_grape_seeds_white":2,"minecraft:stick":13,"minecraft:green_bed":7,"croptopia:blackberry_seed":4,"simplefarming:raspberries":1,"duneons:swampgrass":13,"duneons:moondagger":1,"duneons:rug_3":2,"minecraft:rotten_flesh":5,"luminousworld:soft_birch_log":4,"luminousworld:tall_deadbush":3,"duneons:boxfood":1,"croptopia:cauliflower":1,"minecraft:cobblestone":21,"candlelight:lettuce":4,"duneons:crystalblue":1,"luminousworld:savannah_ground":9,"croptopia:radish":4,"croptopia:nectarine":6,"minecraft:potato":19,"beachparty:palm_log":2,"croptopia:blueberry_seed":10,"croptopia:celery":2,"minecraft:lapis_lazuli":3,"minecraft:dirt":83,"minecraft:bone":5,"croptopia:corn":1,"minecraft:bow":1,"minecraft:wheat_seeds":15,"luminousworld:elephant_grass":8,"simplefarming:tomato_seeds":2,"croptopia:popcorn":1,"minecraft:bamboo":6,"minecraft:moss_block":1,"simplefarming:peanut_seeds":1,"minecraft:lime_terracotta":3,"croptopia:blackberry":3,"minecraft:poisonous_potato":1,"croptopia:celery_seed":2,"minecraft:sand":1,"ylf_mod:cleanleaves":3,"minecraft:mossy_cobblestone":1,"minecraft:slime_block":6,"croptopia:radish_seed":6,"minecraft:emerald":29,"minecraft:oak_sapling":1,"simplefarming:cassava_seeds":1,"iceandfire:raw_silver":4,"croptopia:toast":1,"luminousworld:groundpebbles_1":2,"duneons:beenestitem":1,"minecraft:crafting_table":2,"simplefarming:pea_seeds":1,"simplefarming:cactus_fruit":2,"minecraft:stone_brick_wall":3,"doggytalents:rice_wheat":3,"minecraft:shield":1,"croptopia:saguaro_seed":3,"duneons:throne":1,"minecraft:item_frame":1,"beachparty:seashell":2,"minecraft:cracked_stone_bricks":1,"croptopia:tomato_seed":2,"duneons:wolf_armor_boots":1,"minecraft:oak_boat":2,"duneons:wolf_armor_helmet":1,"crittersandcompanions:clam":4,"minecraft:raw_iron":2,"croptopia:corn_seed":2,"minecraft:copper_ingot":21,"beachparty:palm_planks":9,"minecraft:carrot":8,"minecraft:trident":2,"duneons:dungeonbarrel":1,"croptopia:grape":1,"croptopia:cantaloupe_seed":4,"minecraft:arrow":3,"minecraft:beetroot_seeds":2,"simplefarming:strawberries":1,"crittersandcompanions:silk":8,"minecraft:glow_berries":1,"minecraft:bone_block":1,"simplefarming:soybean_seeds":1,"beachparty:raw_mussel_meat":1,"minecraft:red_mushroom":2,"doggytalents:rice_grains":14,"simplefarming:rye_seeds":1,"minecraft:oak_log":31,"minecraft:lily_pad":2,"duneons:thepinkscoundrel":1,"minecraft:apple":20,"simplefarming:opuntia":2,"minecraft:stone_pickaxe":1,"duneons:outpostwood_planks":2,"croptopia:tomato":2,"duneons:swampfern":4,"minecraft:iron_sword":1,"minecraft:book":6,"croptopia:cauliflower_seed":4,"luminousworld:clovers_1":1,"simplefarming:blueberries":5,"duneons:wolf_armor_chestplate":1,"duneons:leaverpalm":1,"simplefarming:raspberry_bush":3,"simplefarming:blackberries":9,"duneons:wood_stronghold":2,"minecraft:light_blue_concrete_powder":2,"croptopia:lemon":4,"croptopia:saguaro":2,"simplefarming:strawberry_bush":1,"minecraft:stone_axe":1,"duneons:palmlog":5,"croptopia:orange":7,"minecraft:baked_potato":23,"duneons:cobwebdig":3,"minecraft:coal":22}},"DataVersion":3465}