{"stats":{"minecraft:picked_up":{"simplefarming:pea_seeds":1,"luminousworld:groundpebbles_1":2,"minecraft:crafting_table":2,"minecraft:wheat":13,"croptopia:peach":10,"simplefarming:turnip_seeds":1,"minecraft:wooden_pickaxe":1,"minecraft:string":3,"simplefarming:sorghum_seeds":1,"vinery:savanna_grapes_red":2,"woodworks:oak_chest":1,"simplefarming:oat_seeds":1,"minecraft:written_book":1,"simplefarming:barley_seeds":3,"minecraft:birch_sapling":4,"simplefarming:spinach_seeds":1,"simplefarming:barley":1,"minecraft:stick":26,"luminousworld:blue_petunias":4,"minecraft:torch":1,"croptopia:olive_seed":1,"farmersdelight:tomato_seeds":1,"simplefarming:onion_seeds":2,"croptopia:yam_seed":3,"luminousworld:grassflowers":6,"minecraft:stone_sword":1,"minecraft:rotten_flesh":4,"luminousworld:yellow_grassflowers":4,"farmersdelight:onion":9,"simplefarming:strawberries":4,"minecraft:mutton":1,"minecraft:cobblestone":35,"minecraft:birch_log":191,"simplefarming:soybean_seeds":1,"doggytalents:rice_grains":16,"minecraft:birch_planks":48,"minecraft:oak_log":90,"luminousworld:purple_petunias":1,"croptopia:leek":1,"minecraft:gunpowder":4,"minecraft:dirt":517,"farmersdelight:tomato":2,"minecraft:stripped_birch_log":20,"minecraft:white_banner":1,"croptopia:olive":1,"minecraft:bone":2,"minecraft:apple":3,"snowyspirit:ginger_flower":6,"minecraft:wheat_seeds":53,"luminousworld:elephant_grass":2,"weaponmaster:tutorialbook":2,"simplefarming:blueberry_bush":3,"luminousworld:white_petunias":2,"minecraft:oak_planks":5,"minecraft:dark_oak_stairs":19,"croptopia:yam":2,"minecraft:oak_slab":6,"minecraft:smooth_basalt":3,"thatsjustpeachy:peach_planks":1,"croptopia:turmeric":1,"simplefarming:blueberries":2,"croptopia:hops":1,"ylf_mod:cleanleaves":4,"croptopia:turmeric_seed":1,"minecraft:dark_oak_log":128,"minecraft:spider_eye":2,"alexsmobs:animal_dictionary":1,"luminousworld:whiteoaklog":6,"minecraft:oak_wood":6,"croptopia:hops_seed":1,"minecraft:stone_axe":2,"bossominium:the_bossdexium":1,"croptopia:leek_seed":1,"minecraft:bread":1,"minecraft:oak_sapling":32},"minecraft:broken":{"minecraft:stone_axe":3,"minecraft:stone_shovel":3},"minecraft:used":{"simplefarming:oat_seeds":1,"luminousworld:whiteoaklog":2,"minecraft:light_gray_stained_glass_pane":6,"minecraft:stone_shovel":544,"minecraft:spruce_planks":14,"woodworks:oak_chest":2,"minecraft:stone":109,"doggytalents:rice_grains":3,"minecraft:stone_hoe":33,"quark:stone_vertical_slab":1,"minecraft:torch":5,"minecraft:dirt":173,"luminousworld:grassflowers":4,"minecraft:oak_wood":6,"minecraft:andesite_wall":2,"farmersdelight:tomato":2,"minecraft:birch_sapling":3,"croptopia:yam_seed":1,"vinery:savanna_grapes_red":2,"minecraft:stone_bricks":7,"luminousworld:blue_petunias":4,"woodworks:birch_chest":1,"minecraft:oak_sapling":10,"farmersdelight:tomato_seeds":1,"minecraft:mossy_stone_brick_wall":6,"minecraft:wheat_seeds":15,"minecraft:dark_oak_stairs":29,"minecraft:water_bucket":4,"quark:framed_glass_pane":9,"minecraft:birch_planks":128,"minecraft:stripped_birch_log":10,"minecraft:stone_pickaxe":19,"minecraft:baked_potato":1,"minecraft:oak_planks":146,"minecraft:wooden_pickaxe":14,"simplefarming:strawberries":4,"farmersdelight:onion":27,"minecraft:oak_slab":20,"minecraft:crafting_table":3,"croptopia:olive_seed":1,"minecraft:stone_brick_wall":61,"minecraft:oak_log":42,"minecraft:apple":1,"simplefarming:barley_seeds":1,"minecraft:light_gray_concrete":95,"minecraft:bread":4,"simplefarming:spinach_seeds":1,"minecraft:stone_axe":412,"croptopia:leek_seed":1,"luminousworld:purple_petunias":1,"minecraft:birch_log":90,"minecraft:bucket":4,"minecraft:glass_pane":4,"minecraft:smooth_stone":2},"minecraft:killed":{"minecraft:spider":2,"minecraft:creeper":3,"minecraft:pillager":2,"minecraft:zombie":2},"minecraft:crafted":{"minecraft:oak_planks":68,"minecraft:stone_shovel":4,"minecraft:stone_pickaxe":1,"minecraft:dark_oak_planks":128,"minecraft:stone_hoe":1,"woodworks:birch_chest":1,"minecraft:oak_slab":18,"minecraft:dark_oak_stairs":24,"minecraft:crafting_table":2,"minecraft:baked_potato":1,"minecraft:bucket":1,"minecraft:oak_wood":3,"minecraft:birch_planks":128,"minecraft:stone_axe":4,"woodworks:oak_chest":1,"minecraft:stick":8,"minecraft:iron_ingot":13},"minecraft:mined":{"luminousworld:grassvariant_4":1,"minecraft:stripped_birch_log":20,"minecraft:grass_block":447,"luminousworld:grassvariant_2":18,"luminousworld:savanna_grass_2":1,"snowyspirit:wild_ginger":2,"luminousworld:yellow_grassflowers":2,"minecraft:dark_oak_stairs":19,"luminousworld:groundpebbles_2":1,"minecraft:stone":27,"simplefarming:blueberry_bush":3,"minecraft:oak_slab":6,"luminousworld:purple_petunias":1,"minecraft:crafting_table":2,"minecraft:torch":1,"minecraft:oak_wood":6,"luminousworld:grassflowers":3,"woodworks:oak_chest":1,"minecraft:tall_grass":4,"minecraft:oak_planks":5,"luminousworld:whiteoaklog":9,"minecraft:birch_planks":49,"minecraft:birch_log":66,"minecraft:birch_leaves":9,"minecraft:grass":62,"minecraft:oak_log":67,"minecraft:dirt":67,"luminousworld:grassvariant_3":17,"luminousworld:elephant_grass":1,"luminousworld:savannah_grass_4":1,"minecraft:oak_leaves":40},"minecraft:custom":{"minecraft:mob_kills":9,"minecraft:interact_with_crafting_table":19,"minecraft:time_since_death":103217,"minecraft:sprint_one_cm":284588,"minecraft:walk_one_cm":661195,"minecraft:drop":21,"minecraft:play_time":228331,"minecraft:deaths":2,"minecraft:sneak_time":2374,"minecraft:walk_under_water_one_cm":1156,"minecraft:jump":881,"minecraft:walk_on_water_one_cm":1743,"minecraft:total_world_time":228331,"minecraft:interact_with_furnace":3,"minecraft:sleep_in_bed":9,"minecraft:time_since_rest":53172,"minecraft:damage_taken":720,"minecraft:damage_dealt":1908,"minecraft:swim_one_cm":10467,"minecraft:fly_one_cm":251815,"minecraft:open_chest":27,"minecraft:crouch_one_cm":6190,"minecraft:fall_one_cm":16265},"minecraft:dropped":{"minecraft:bread":1,"luminousworld:white_petunias":1,"weaponmaster:tutorialbook":2,"bossominium:the_bossdexium":1,"snowyspirit:ginger_flower":4,"minecraft:stick":5,"minecraft:bone":2,"minecraft:smooth_basalt":3,"minecraft:stone_axe":2,"alexsmobs:animal_dictionary":1,"minecraft:stone_sword":1,"thatsjustpeachy:peach_planks":1,"minecraft:gunpowder":1,"minecraft:spider_eye":1},"minecraft:killed_by":{"minecraft:pillager":1}},"DataVersion":3465}