{"stats":{"minecraft:mined":{"duneons:boxfood":1,"iceandfire:silver_ore":4,"luminousworld:grassvariant_4":1,"farmersdelight:wild_carrots":2,"duneons:swampfern":3,"minecraft:grass_block":76,"duneons:rug_3":2,"duneons:highlandtallgrass":1,"minecraft:mangrove_fence":2,"duneons:inventorytable":1,"luminousworld:grassvariant_2":25,"duneons:dungeonbarrel":1,"duneons:highlandfloorslab":1,"luminousworld:savanna_grass_2":5,"duneons:swampgrass":10,"duneons:fancyfence_straight":1,"minecraft:mangrove_propagule":1,"simplefarming:blackberry_bush":6,"minecraft:spawner":1,"beachparty:seashell_block":2,"luminousworld:yellow_grassflowers":1,"candlelight:wild_lettuce":2,"minecraft:light_blue_concrete_powder":1,"minecraft:iron_ore":2,"croptopia:corn_crop":1,"duneons:cobwebdig":4,"minecraft:vine":3,"crittersandcompanions:silk_cocoon":1,"croptopia:elderberry_crop":1,"duneons:highlandlog":5,"hamsters:hamster_wheel":1,"luminousworld:groundpebbles_2":2,"minecraft:stone":21,"minecraft:green_bed":7,"luminousworld:soft_birch_log":2,"beachparty:palm_planks":6,"luminousworld:tall_deadbush":1,"minecraft:crafting_table":2,"duneons:redmushroom":2,"luminousworld:grassflowers":1,"minecraft:tall_grass":9,"duneons:azure_crystal":1,"minecraft:lily_pad":1,"duneons:leaverpalm":1,"minecraft:seagrass":2,"farmersdelight:wild_beetroots":4,"duneons:wood_stronghold":5,"minecraft:birch_leaves":1,"duneons:highlandfern":3,"croptopia:tomato_crop":1,"duneons:creeperwoodstallgrass":2,"duneons:palmlog":6,"minecraft:grass":91,"beachparty:palm_log":3,"minecraft:oak_log":25,"minecraft:coal_ore":21,"minecraft:dirt":7,"luminousworld:grassvariant_3":12,"simplefarming:opuntia":2,"luminousworld:savannah_grass_4":3,"luminousworld:elephant_grass":1,"minecraft:oak_leaves":21},"minecraft:used":{"minecraft:beetroot":1,"minecraft:stone_sword":63,"croptopia:blueberry_seed":1,"woodworks:oak_chest":2,"minecraft:iron_sword":1,"doggytalents:rice_grains":1,"minecraft:wooden_shovel":43,"minecraft:stone_hoe":17,"minecraft:torch":16,"minecraft:dirt":66,"minecraft:carrot":10,"simplefarming:blueberries":5,"duneons:wood_stronghold":1,"beachparty:palm_planks":6,"duneons:moondagger":119,"duneons:rug_3":1,"beachparty:palm_boat":1,"woodworks:birch_chest":1,"minecraft:furnace":1,"hamsters:hamster":4,"minecraft:potato":6,"croptopia:grape":1,"croptopia:tomato":1,"croptopia:lemon":4,"beachparty:palm_door":1,"minecraft:baked_potato":12,"minecraft:stone_pickaxe":63,"minecraft:wooden_pickaxe":27,"simplefarming:blackberry_bush":6,"minecraft:green_bed":7,"luminousworld:groundpebbles_1":2,"minecraft:leather_boots":1,"simplefarming:strawberries":1,"minecraft:crafting_table":2,"minecraft:campfire":1,"simplefarming:blackberries":9,"croptopia:orange":7,"minecraft:book":4,"croptopia:nectarine":3,"minecraft:apple":3,"minecraft:bread":8,"minecraft:suspicious_stew":1,"beachparty:seashell":1,"minecraft:stone_axe":180,"croptopia:cauliflower":1,"croptopia:toast":1,"minecraft:light_blue_concrete_powder":2,"minecraft:cobblestone":6,"croptopia:blackberry":3,"beachparty:raw_mussel_meat":1,"minecraft:oak_boat":4},"minecraft:killed_by":{"minecraft:zombie_villager":1,"duneons:cauldronslime":2,"minecraft:spider":2,"iceandfire:siren":1,"minecraft:drowned":4,"iceandfire:sea_serpent":1,"minecraft:zombie":1},"minecraft:custom":{"minecraft:mob_kills":42,"minecraft:interact_with_crafting_table":21,"minecraft:open_barrel":5,"minecraft:interact_with_campfire":20,"minecraft:leave_game":3,"minecraft:time_since_death":103963,"minecraft:climb_one_cm":9099,"minecraft:sprint_one_cm":700071,"minecraft:walk_one_cm":785343,"minecraft:drop":73,"minecraft:talked_to_villager":1,"minecraft:play_time":243487,"minecraft:sneak_time":1821,"minecraft:deaths":12,"minecraft:walk_under_water_one_cm":26052,"minecraft:boat_one_cm":377925,"minecraft:jump":1928,"minecraft:walk_on_water_one_cm":47337,"minecraft:total_world_time":243487,"minecraft:interact_with_furnace":1,"minecraft:sleep_in_bed":11,"minecraft:time_since_rest":23222,"minecraft:damage_taken":4299,"minecraft:open_enderchest":1,"minecraft:damage_dealt":8726,"minecraft:swim_one_cm":50592,"minecraft:fly_one_cm":315533,"minecraft:open_chest":46,"minecraft:crouch_one_cm":5145,"minecraft:interact_with_smoker":1,"minecraft:fall_one_cm":34264},"minecraft:crafted":{"minecraft:oak_planks":64,"beachparty:palm_door":3,"minecraft:furnace":1,"croptopia:blueberry_seed":2,"beachparty:palm_boat":1,"minecraft:stone_pickaxe":1,"minecraft:stone_hoe":1,"beachparty:palm_planks":8,"woodworks:birch_chest":1,"minecraft:wooden_shovel":1,"minecraft:wooden_pickaxe":1,"minecraft:mangrove_planks":4,"minecraft:campfire":1,"minecraft:birch_planks":8,"minecraft:stone_axe":2,"woodworks:oak_chest":2,"minecraft:oak_boat":2,"minecraft:stick":24,"minecraft:stone_sword":2,"minecraft:torch":16},"minecraft:picked_up":{"croptopia:toast":1,"luminousworld:groundpebbles_1":2,"minecraft:seagrass":12,"duneons:beenestitem":1,"minecraft:crafting_table":2,"simplefarming:pea_seeds":1,"minecraft:suspicious_stew":1,"croptopia:grape_seed":2,"simplefarming:cactus_fruit":2,"doggytalents:rice_wheat":3,"minecraft:shield":1,"croptopia:saguaro_seed":2,"minecraft:string":1,"hamsters:hamster_wheel":1,"duneons:throne":1,"minecraft:item_frame":1,"beachparty:seashell":2,"minecraft:beetroot":2,"alexsmobs:emu_feather":2,"croptopia:tomato_seed":2,"duneons:wolf_armor_boots":1,"minecraft:oak_boat":2,"duneons:wolf_armor_helmet":1,"simplefarming:blackberry_bush":6,"croptopia:blueberry":5,"crittersandcompanions:clam":4,"minecraft:mangrove_log":1,"duneons:highlandlog":9,"croptopia:corn_seed":2,"minecraft:stick":13,"minecraft:raw_iron":2,"minecraft:copper_ingot":21,"croptopia:blackberry_seed":4,"minecraft:green_bed":7,"beachparty:palm_planks":9,"minecraft:carrot":8,"minecraft:trident":2,"duneons:swampgrass":13,"duneons:dungeonbarrel":1,"duneons:moondagger":1,"croptopia:grape":1,"minecraft:rotten_flesh":5,"duneons:rug_3":2,"croptopia:cantaloupe_seed":4,"minecraft:arrow":3,"luminousworld:soft_birch_log":4,"minecraft:beetroot_seeds":2,"simplefarming:strawberries":1,"crittersandcompanions:silk":8,"luminousworld:tall_deadbush":3,"duneons:boxfood":1,"minecraft:cobblestone":21,"croptopia:cauliflower":1,"luminousworld:savannah_ground":9,"candlelight:lettuce":4,"duneons:crystalblue":1,"simplefarming:soybean_seeds":1,"croptopia:radish":4,"croptopia:nectarine":6,"beachparty:raw_mussel_meat":1,"minecraft:red_mushroom":2,"minecraft:potato":19,"doggytalents:rice_grains":14,"beachparty:palm_log":2,"simplefarming:rye_seeds":1,"minecraft:oak_log":31,"minecraft:lily_pad":2,"minecraft:lapis_lazuli":3,"croptopia:blueberry_seed":10,"croptopia:celery":2,"minecraft:dirt":83,"duneons:thepinkscoundrel":1,"minecraft:bone":5,"croptopia:corn":1,"minecraft:apple":20,"simplefarming:opuntia":2,"minecraft:bow":1,"minecraft:wheat_seeds":14,"luminousworld:elephant_grass":4,"duneons:outpostwood_planks":2,"minecraft:stone_pickaxe":1,"croptopia:tomato":2,"duneons:swampfern":4,"simplefarming:tomato_seeds":2,"croptopia:popcorn":1,"minecraft:iron_sword":1,"minecraft:book":6,"simplefarming:peanut_seeds":1,"croptopia:cauliflower_seed":4,"luminousworld:clovers_1":1,"croptopia:blackberry":3,"minecraft:poisonous_potato":1,"simplefarming:blueberries":5,"croptopia:celery_seed":2,"duneons:wolf_armor_chestplate":1,"ylf_mod:cleanleaves":3,"duneons:leaverpalm":1,"simplefarming:blackberries":9,"duneons:wood_stronghold":2,"minecraft:light_blue_concrete_powder":2,"croptopia:lemon":4,"croptopia:saguaro":1,"simplefarming:strawberry_bush":1,"minecraft:stone_axe":1,"duneons:palmlog":5,"croptopia:radish_seed":6,"croptopia:orange":7,"minecraft:baked_potato":19,"minecraft:oak_sapling":1,"simplefarming:cassava_seeds":1,"duneons:cobwebdig":3,"minecraft:coal":22,"iceandfire:raw_silver":4},"minecraft:broken":{"minecraft:leather_leggings":1,"minecraft:leather_chestplate":1,"minecraft:leather_boots":1,"minecraft:stone_axe":2,"minecraft:iron_sword":1},"minecraft:killed":{"minecraft:cave_spider":1,"minecraft:spider":3,"duneons:wraith":1,"minecraft:skeleton":2,"minecraft:drowned":5,"luminousworld:savannah_zombie":2,"duneons:frozenzombie":1,"duneons:beenestmob":2,"duneons:cauldronslime":4,"luminousworld:trout_fish":1,"duneons:mountaineer":2,"minecraft:pillager":1,"minecraft:zombie":11,"luminousworld:swamp_zombie":1},"minecraft:dropped":{"minecraft:wheat_seeds":1,"minecraft:lapis_lazuli":1,"minecraft:oak_log":6,"minecraft:book":3,"ylf_mod:cleanleaves":1,"duneons:cobwebdig":3,"minecraft:stick":5,"simplefarming:peanut_seeds":1,"minecraft:red_mushroom":2,"minecraft:item_frame":1,"croptopia:tomato_seed":2,"croptopia:celery_seed":1,"croptopia:celery":2,"minecraft:dirt":6,"croptopia:grape_seed":2,"croptopia:tomato":1,"candlelight:lettuce":2,"croptopia:nectarine":3,"duneons:swampgrass":13,"croptopia:cauliflower_seed":4,"duneons:wood_stronghold":1,"minecraft:string":1,"minecraft:lily_pad":2,"luminousworld:clovers_1":1,"minecraft:bone":3,"duneons:swampfern":4,"simplefarming:tomato_seeds":1,"minecraft:stone_axe":1,"luminousworld:soft_birch_log":2,"alexsmobs:animal_dictionary":1,"minecraft:bowl":1,"croptopia:blackberry_seed":4,"duneons:highlandlog":5,"minecraft:beetroot":1,"croptopia:radish_seed":3,"croptopia:blueberry_seed":8,"minecraft:trident":1,"croptopia:blueberry":2,"croptopia:radish":4,"doggytalents:rice_grains":1,"minecraft:bow":1,"duneons:crystalblue":1,"minecraft:written_book":1,"duneons:leaverpalm":1}},"DataVersion":3465}