{"stats":{"minecraft:broken":{"minecraft:wooden_shovel":5,"minecraft:wooden_axe":1},"minecraft:mined":{"croptopia:cantaloupe_crop":1,"croptopia:cucumber_crop":1,"minecraft:white_bed":1,"quark:azalea_log":2,"minecraft:light_blue_carpet":1,"luminousworld:mossbuds_1":1,"minecraft:allium":1,"minecraft:grass_block":350,"luminousworld:grassvariant_2":12,"luminousworld:whiteoakleaves":45,"minecraft:spruce_leaves":2,"croptopia:barley_crop":1,"farmersdelight:wild_onions":8,"minecraft:tall_seagrass":1,"minecraft:carrots":3,"candlelight:wild_lettuce":3,"minecraft:fire":13,"minecraft:pumpkin":13,"crittersandcompanions:silk_cocoon":1,"minecraft:azalea":1,"simplefarming:strawberry_bush":1,"simplefarming:blueberry_bush":12,"quark:lavender_blossom_leaves":10,"croptopia:raspberry_crop":1,"candlelight:wild_tomatoes":3,"luminousworld:auburnlog":2,"luminousworld:grassflowers":1,"minecraft:tall_grass":12,"minecraft:sugar_cane":1,"luminousworld:whiteoaklog":13,"minecraft:seagrass":1,"minecraft:magenta_bed":3,"minecraft:spruce_log":11,"minecraft:grass":29,"minecraft:oak_log":5,"minecraft:dirt":54,"luminousworld:grassvariant_3":12,"minecraft:oak_leaves":35,"minecraft:fern":3},"minecraft:picked_up":{"luminousworld:groundpebbles_1":6,"minecraft:allium":12,"croptopia:cabbage_seed":2,"quark:azalea_log":2,"beachparty:coconut":2,"iceandfire:sea_serpent_scales_blue":8,"croptopia:cantaloupe":1,"croptopia:tomato_seed":2,"candlelight:tomato_seeds":1,"minecraft:azalea":1,"minecraft:iron_nugget":2,"simplefarming:barley_seeds":1,"minecraft:stick":4,"luminousworld:auburnlog":2,"croptopia:cucumber":1,"croptopia:barley_seed":1,"croptopia:almond":2,"simplefarming:onion_seeds":1,"minecraft:carrot":6,"luminousworld:white_oak_sapling":3,"luminousworld:grassflowers":3,"croptopia:cantaloupe_seed":2,"minecraft:rotten_flesh":2,"farmersdelight:onion":8,"simplefarming:strawberries":1,"quark:violet_corundum_cluster":3,"crittersandcompanions:silk":3,"croptopia:pecan":1,"minecraft:white_wool":3,"croptopia:cabbage":1,"candlelight:lettuce":2,"croptopia:radish":2,"doggytalents:rice_grains":14,"boatload:large_spruce_boat":1,"minecraft:oak_log":5,"minecraft:magenta_bed":4,"croptopia:walnut":3,"minecraft:dirt":386,"croptopia:barley":1,"minecraft:wheat_seeds":13,"simplefarming:lettuce_seeds":2,"minecraft:rabbit_hide":3,"croptopia:raspberry":1,"candlelight:tomato":2,"croptopia:tomato":1,"simplefarming:blueberry_bush":12,"simplefarming:rice_seeds":1,"croptopia:plum":4,"minecraft:pumpkin":13,"minecraft:sweet_berries":7,"minecraft:dandelion":2,"croptopia:cucumber_seed":1,"simplefarming:blueberries":14,"vinery:white_grape":2,"minecraft:sand":1,"minecraft:spruce_log":11,"minecraft:white_bed":1,"luminousworld:whiteoaklog":13,"croptopia:lemon":2,"simplefarming:strawberry_bush":1,"minecraft:light_blue_carpet":1,"luminousworld:blueberry":3,"minecraft:bread":4,"minecraft:oak_sapling":1},"minecraft:crafted":{"minecraft:wooden_sword":1,"minecraft:oak_planks":4,"croptopia:raspberry_seed":1,"minecraft:wooden_shovel":5,"minecraft:crafting_table":2,"minecraft:spruce_planks":44,"vinery:white_grape_seeds":1,"minecraft:wooden_hoe":1,"minecraft:stick":12,"minecraft:wooden_axe":2,"minecraft:white_bed":1},"minecraft:custom":{"minecraft:mob_kills":4,"minecraft:interact_with_crafting_table":7,"minecraft:leave_game":2,"minecraft:time_since_death":31714,"minecraft:climb_one_cm":302,"minecraft:sprint_one_cm":298136,"minecraft:walk_one_cm":371686,"minecraft:drop":16,"minecraft:talked_to_villager":9,"minecraft:play_time":100651,"minecraft:deaths":25,"minecraft:sneak_time":1878,"minecraft:walk_under_water_one_cm":31643,"minecraft:boat_one_cm":134373,"minecraft:jump":1116,"minecraft:walk_on_water_one_cm":64560,"minecraft:total_world_time":100651,"minecraft:sleep_in_bed":4,"minecraft:time_since_rest":11605,"minecraft:damage_taken":10930,"minecraft:damage_dealt":892,"minecraft:swim_one_cm":89951,"minecraft:fly_one_cm":160427,"minecraft:open_chest":10,"minecraft:crouch_one_cm":1619,"minecraft:interact_with_smoker":1,"minecraft:fall_one_cm":27468},"minecraft:used":{"minecraft:azalea":1,"doggytalents:rice_grains":8,"minecraft:wooden_shovel":326,"minecraft:dirt":14,"minecraft:carrot":9,"simplefarming:rice_seeds":1,"simplefarming:blueberries":3,"boatload:large_spruce_boat":1,"candlelight:tomato_seeds":1,"simplefarming:onion_seeds":1,"minecraft:wooden_axe":50,"minecraft:written_book":1,"vinery:white_grape_seeds":1,"croptopia:raspberry_seed":1,"minecraft:light_blue_carpet":1,"minecraft:wheat_seeds":3,"croptopia:tomato":1,"croptopia:radish":1,"simplefarming:blueberry_bush":3,"farmersdelight:onion":10,"croptopia:cucumber":1,"minecraft:crafting_table":2,"minecraft:magenta_bed":3,"minecraft:white_bed":2,"minecraft:wooden_hoe":22,"croptopia:cabbage":1,"minecraft:bread":3,"croptopia:cucumber_seed":1,"croptopia:tomato_seed":2,"croptopia:barley_seed":1,"minecraft:wooden_sword":5},"minecraft:dropped":{"minecraft:wheat_seeds":1,"minecraft:magenta_bed":1,"minecraft:dirt":13,"farmersdelight:onion":1,"minecraft:sand":1,"croptopia:cantaloupe_seed":2,"minecraft:dandelion":2,"minecraft:carrot":1,"vinery:white_grape":1,"luminousworld:grassflowers":1,"minecraft:allium":12,"simplefarming:strawberry_bush":1,"luminousworld:groundpebbles_1":3,"croptopia:radish":1,"doggytalents:rice_grains":1},"minecraft:killed":{"minecraft:spider":1,"iceandfire:ghost":1,"luminousworld:dark_oak_zombie":1,"iceandfire:sea_serpent":1},"minecraft:killed_by":{"iceandfire:cyclops":23,"minecraft:creeper":1,"minecraft:spider":1}},"DataVersion":3465}