{"stats":{"minecraft:mined":{"luminousworld:white_petunias":1,"duneons:swampdirt":2,"minecraft:spruce_planks":4,"duneons:golemruin":1,"minecraft:cobbled_deepslate_stairs":2,"duneons:charredstone":8,"duneons:swampfern":2,"minecraft:grass_block":15,"minecraft:potted_mangrove_propagule":1,"minecraft:mangrove_fence":2,"duneons:dungeonbarrel":1,"duneons:creeper_pillarjungle":1,"duneons:swampgrass":12,"simplefarming:blackberry_bush":4,"luminousworld:savanna_grass_2":1,"beachparty:sandwaves":1,"minecraft:spawner":6,"beachparty:seashell_block":5,"duneons:redgoldvangard":3,"duneons:charredgrassblock":1,"minecraft:iron_ore":3,"duneons:vangardcarpetblock":2,"minecraft:potted_red_mushroom":1,"minecraft:moss_carpet":1,"minecraft:oak_stairs":2,"duneons:bridgeplanks":1,"hamsters:hamster_wheel":1,"minecraft:jungle_trapdoor":1,"duneons:swampgrassside":1,"minecraft:red_bed":6,"minecraft:smoker":1,"duneons:brickcolon":2,"minecraft:cobblestone":24,"duneons:flowerswamp":1,"duneons:azure_crystal":1,"minecraft:oak_planks":1,"minecraft:stone_stairs":1,"minecraft:jungle_wood":3,"minecraft:birch_log":8,"duneons:wood_stronghold":8,"minecraft:stone_brick_stairs":1,"minecraft:grass":17,"beachparty:palm_log":1,"duneons:cell":1,"minecraft:sand":2,"minecraft:dirt":5,"quark:hollow_oak_log":4,"luminousworld:grassvariant_3":3,"minecraft:oak_leaves":9,"iceandfire:silver_ore":4,"duneons:ruingolem_3":1,"luminousworld:grassvariant_4":3,"minecraft:decorated_pot":1,"duneons:highlandtallgrass":4,"duneons:firepurple":3,"luminousworld:grassvariant_2":3,"luminousworld:clovers_2":1,"duneons:fancyfence":1,"duneons:throneblock":1,"duneons:witchpole":1,"duneons:slabspawn_4":1,"minecraft:sandstone":3,"minecraft:hay_block":4,"minecraft:carrots":5,"duneons:stackofbooks":1,"croptopia:corn_crop":1,"duneons:supportbeamcross":1,"minecraft:andesite":5,"minecraft:vine":2,"duneons:loot_biggrey":1,"crittersandcompanions:silk_cocoon":2,"luminousworld:groundpebbles_2":1,"minecraft:stone":97,"duneons:bridgeblock":1,"duneons:soggyswamobricks":19,"duneons:luxurybooth":2,"minecraft:mangrove_wood":1,"minecraft:oak_wood":1,"luminousworld:auburnlog":2,"minecraft:stone_slab":3,"luminousworld:whiteoaklog":1,"farmersdelight:wild_beetroots":1,"minecraft:stripped_spruce_wood":2,"minecraft:birch_leaves":2,"duneons:highlandfern":2,"minecraft:coal_ore":1,"luminousworld:clovers_5":1,"croptopia:blackberry_crop":1,"minecraft:cobweb":3,"duneons:sandspawn":1},"minecraft:used":{"minecraft:moss_carpet":1,"duneons:redgoldvangard":1,"duneons:dungeonbarrel":1,"duneons:ravagergatewood_3":1,"minecraft:stone":3,"minecraft:iron_sword":1003,"duneons:ravager_gatewood":1,"minecraft:rotten_flesh":4,"minecraft:jungle_planks":11,"minecraft:carrot":125,"simplefarming:raspberries":6,"minecraft:birch_sapling":1,"duneons:dungeonscharredcobblestone":2,"duneons:crystalblue":1,"duneons:moondagger":404,"duneons:rampartbrazier":1,"minecraft:item_frame":2,"woodworks:birch_chest":1,"duneons:royalehelmet_chestplate":1,"duneons:throne":3,"minecraft:stripped_spruce_wood":1,"luminousworld:autumnplank":1,"minecraft:stone_pickaxe":165,"minecraft:mangrove_planks":4,"minecraft:oak_planks":5,"minecraft:wooden_pickaxe":48,"minecraft:sandstone":3,"luminousworld:groundpebbles_1":1,"minecraft:cookie":1,"simplefarming:strawberries":6,"minecraft:sand":3,"croptopia:nectarine":2,"quark:hollow_oak_log":4,"minecraft:bread":2,"beachparty:seashell":1,"croptopia:toast":1,"duneons:vangardcarpetblock":1,"croptopia:blackberry":1,"minecraft:birch_log":1,"minecraft:andesite":2,"croptopia:cantaloupe":2,"hamsters:hamster_wheel":2,"minecraft:trident":1,"minecraft:stone_sword":519,"minecraft:mangrove_chest_boat":1,"minecraft:dirt":31,"minecraft:jungle_trapdoor":1,"beachparty:palm_planks":1,"minecraft:iron_axe":109,"duneons:brickcolon":2,"duneons:macefix":57,"duneons:ravagergateiron":1,"duneons:golemruin":1,"vinery:red_grape":1,"croptopia:grape":1,"luminousworld:white_oak_plank":1,"minecraft:crafting_table":2,"minecraft:red_bed":6,"simplefarming:blackberries":6,"minecraft:apple":1,"duneons:luxurybooth":2,"minecraft:cobblestone":90,"alexsmobs:animal_dictionary":1},"minecraft:custom":{"minecraft:interact_with_crafting_table":20,"minecraft:open_barrel":15,"minecraft:leave_game":2,"minecraft:time_since_death":46450,"minecraft:sprint_one_cm":353810,"minecraft:drop":96,"minecraft:talked_to_villager":2,"minecraft:play_time":244749,"minecraft:deaths":52,"minecraft:jump":2644,"minecraft:walk_on_water_one_cm":87702,"minecraft:interact_with_furnace":6,"minecraft:sleep_in_bed":12,"minecraft:damage_dealt":61067,"minecraft:crouch_one_cm":9400,"minecraft:interact_with_smoker":3,"minecraft:mob_kills":296,"minecraft:climb_one_cm":15003,"minecraft:walk_one_cm":956519,"minecraft:damage_dealt_absorbed":80,"minecraft:sneak_time":3696,"minecraft:walk_under_water_one_cm":33784,"minecraft:boat_one_cm":261470,"minecraft:total_world_time":244749,"minecraft:tune_noteblock":1,"minecraft:time_since_rest":23222,"minecraft:damage_taken":16548,"minecraft:swim_one_cm":55232,"minecraft:fly_one_cm":394367,"minecraft:open_chest":63,"minecraft:fall_one_cm":71918},"minecraft:killed_by":{"minecraft:zombie_villager":3,"duneons:vindicatorroyale":24,"minecraft:pillager":8,"minecraft:drowned":3,"duneons:vindicatorvariant":2,"iceandfire:sea_serpent":1,"duneons:chef":1,"duneons:archillager":2,"duneons:cauldronslime":2,"duneons:pillagerarmorer":2,"minecraft:spider":1,"duneons:diamondpillager":2,"minecraft:skeleton":1},"minecraft:crafted":{"minecraft:smooth_stone":3,"minecraft:oak_planks":4,"croptopia:toast":2,"minecraft:stone":6,"duneons:royaleshield":2,"minecraft:crafting_table":2,"minecraft:wooden_pickaxe":1,"minecraft:birch_planks":28,"duneons:macefix":3,"minecraft:stick":20,"minecraft:iron_ingot":1,"minecraft:stone_sword":3,"vinery:red_grape_seeds":1,"minecraft:smooth_stone_slab":6,"duneons:royalehelmet_chestplate":5,"duneons:royalehelmet_helmet":4,"minecraft:iron_axe":1,"luminousworld:white_oak_plank":4,"minecraft:stone_pickaxe":1,"crittersandcompanions:grappling_hook":1,"beachparty:palm_planks":4,"minecraft:wheat":36,"woodworks:birch_chest":1,"luminousworld:autumnplank":8,"minecraft:crossbow":4,"minecraft:iron_sword":4,"minecraft:mangrove_planks":4,"duneons:mountaineeraxeiron":1,"minecraft:bread":14,"minecraft:air":0,"duneons:outpostwood_planks":4,"minecraft:jungle_planks":12,"hamsters:hamster_wheel":1},"minecraft:picked_up":{"minecraft:seagrass":22,"minecraft:wheat":6,"vinery:red_grape":2,"croptopia:grape_seed":2,"minecraft:suspicious_stew":1,"quark:hollow_oak_log":4,"vinery:red_grape_seeds":1,"duneons:redgoldvangard":2,"minecraft:string":9,"croptopia:cantaloupe":2,"hamsters:hamster_wheel":1,"duneons:royalehelmet_helmet":6,"minecraft:beetroot":1,"minecraft:gold_nugget":1,"minecraft:written_book":1,"simplefarming:blackberry_bush":4,"duneons:highlandlog":5,"duneons:witchpole":1,"luminousworld:auburnlog":2,"duneons:corruptedbeaconaold":2,"croptopia:blackberry_seed":2,"simplefarming:raspberries":6,"duneons:swampgrass":6,"duneons:moondagger":2,"minecraft:stone_sword":2,"minecraft:rotten_flesh":14,"luminousworld:soft_birch_log":4,"duneons:macefix":9,"minecraft:cobblestone":120,"minecraft:birch_log":8,"duneons:crystalblue":1,"minecraft:mangrove_chest_boat":1,"croptopia:nectarine":2,"minecraft:andesite":9,"minecraft:jungle_wood":3,"minecraft:potato":5,"beachparty:palm_log":1,"minecraft:stripped_spruce_wood":2,"croptopia:celery":1,"minecraft:lapis_lazuli":2,"minecraft:lantern":1,"minecraft:dirt":34,"duneons:golemruin":3,"duneons:flowerswamp":1,"minecraft:bone":13,"minecraft:wheat_seeds":17,"duneons:cell":1,"minecraft:oak_planks":1,"croptopia:blackberry":1,"minecraft:sand":3,"duneons:vangardcarpetblock":3,"sons_of_sins:flesh_of_demise":1,"minecraft:mangrove_wood":1,"minecraft:crossbow":9,"minecraft:golden_apple":1,"minecraft:emerald":19,"iceandfire:raw_silver":4,"duneons:beenestitem":1,"luminousworld:groundpebbles_1":1,"duneons:sabrewing_bow":2,"minecraft:cornflower":1,"minecraft:jungle_trapdoor":1,"minecraft:red_bed":7,"minecraft:moss_carpet":1,"minecraft:orange_concrete":1,"minecraft:iron_axe":1,"minecraft:item_frame":1,"duneons:throne":3,"minecraft:iron_shovel":1,"beachparty:seashell":5,"duneons:brickcolon":2,"croptopia:tomato_seed":2,"minecraft:oak_boat":1,"minecraft:birch_sapling":1,"duneons:royalehelmet_chestplate":9,"crittersandcompanions:clam":7,"minecraft:raw_iron":3,"minecraft:sandstone":3,"minecraft:copper_ingot":3,"minecraft:bowl":1,"iceandfire:deathworm_chitin_white":7,"minecraft:trident":2,"minecraft:carrot":90,"iceandfire:deathworm_egg_giant":1,"croptopia:grape":1,"duneons:dungeonbarrel":1,"croptopia:cantaloupe_seed":4,"minecraft:arrow":2,"minecraft:stone_shovel":1,"minecraft:beetroot_seeds":2,"simplefarming:strawberries":6,"crittersandcompanions:silk":9,"minecraft:hay_block":4,"duneons:royaleshield":3,"duneons:creeper_pillarjungle":1,"beachparty:raw_mussel_meat":4,"doggytalents:rice_grains":1,"minecraft:birch_planks":14,"minecraft:oak_log":7,"minecraft:white_banner":1,"duneons:thepinkscoundrel":2,"minecraft:rabbit_hide":4,"duneons:mountaineeraxeiron":2,"duneons:fancyfence_corner":2,"duneons:swampfern":3,"luminousworld:clovers_1":1,"duneons:dungeonscharredcobblestone":11,"duneons:highlandfern":1,"minecraft:spider_eye":1,"simplefarming:blackberries":6,"duneons:wood_stronghold":1,"luminousworld:whiteoaklog":1,"minecraft:oak_wood":1,"duneons:luxurybooth":2,"duneons:keygold":1,"minecraft:coal":3,"minecraft:ender_pearl":1},"minecraft:broken":{"duneons:moondagger":1,"minecraft:iron_leggings":1,"minecraft:iron_sword":4,"minecraft:golden_chestplate":1,"minecraft:stone_sword":2,"minecraft:iron_axe":1,"minecraft:leather_boots":1,"minecraft:iron_helmet":1,"duneons:macefix":2},"minecraft:killed":{"duneons:mobspawner":1,"minecraft:spider":9,"duneons:wraith":2,"minecraft:skeleton":3,"duneons:chef":14,"duneons:keygolem":1,"minecraft:zombie_villager":11,"minecraft:creeper":2,"duneons:mountaineer":11,"luminousworld:crab":1,"minecraft:pillager":18,"luminousworld:savannah_skeleton":1,"minecraft:zombie":10,"duneons:windcaller":2,"duneons:pillagerarmorer":35,"duneons:vindicatorvariant":31,"duneons:babykeyblue":1,"luminousworld:swamp_skeleton":1,"duneons:vindicatorroyale":60,"minecraft:drowned":6,"iceandfire:deathworm":2,"duneons:cauldron":1,"duneons:frozenzombie":1,"duneons:beenestmob":1,"minecraft:husk":1,"luminousworld:swamp_zombie":2,"duneons:diamondpillager":33,"duneons:geomancer":1},"minecraft:dropped":{"duneons:wolf_armor_boots":1,"luminousworld:autumnplank":7,"minecraft:birch_planks":14,"minecraft:lapis_lazuli":2,"duneons:vangardcarpetblock":2,"minecraft:oak_log":7,"minecraft:crossbow":4,"minecraft:lantern":1,"minecraft:jungle_planks":1,"croptopia:tomato_seed":2,"minecraft:dirt":3,"croptopia:celery":1,"minecraft:red_bed":1,"duneons:creeper_pillarjungle":1,"minecraft:cornflower":1,"minecraft:seagrass":22,"duneons:fancyfence_corner":1,"croptopia:cantaloupe_seed":4,"luminousworld:clovers_1":1,"minecraft:bone":4,"vinery:red_grape_seeds":1,"croptopia:toast":1,"luminousworld:white_oak_plank":3,"duneons:outpostwood_planks":2,"duneons:highlandlog":4,"minecraft:rotten_flesh":1,"duneons:thepinkscoundrel":1,"minecraft:rabbit_hide":2,"minecraft:trident":1,"minecraft:beetroot_seeds":5,"duneons:wolf_armor_chestplate":1,"doggytalents:rice_grains":1,"minecraft:bread":1,"duneons:luxurybooth":1,"minecraft:wheat_seeds":17,"duneons:royalehelmet_chestplate":2,"duneons:flowerswamp":1,"duneons:macefix":3,"minecraft:stick":3,"duneons:golemruin":2,"croptopia:grape_seed":2,"minecraft:fire_charge":1,"duneons:dungeonscharredcobblestone":9,"duneons:swampgrass":6,"minecraft:iron_shovel":1,"minecraft:string":1,"duneons:moondagger":1,"duneons:swampfern":3,"minecraft:stone_sword":1,"luminousworld:soft_birch_log":4,"minecraft:bowl":1,"duneons:redgoldvangard":1,"croptopia:blackberry_seed":1,"minecraft:stone_shovel":1,"duneons:wolf_armor_helmet":1,"minecraft:suspicious_stew":1,"beachparty:palm_planks":3,"minecraft:andesite":6,"minecraft:spider_eye":1,"minecraft:wooden_pickaxe":1,"minecraft:stripped_spruce_wood":1}},"DataVersion":3465}