{"stats":{"minecraft:broken":{"minecraft:iron_shovel":1,"minecraft:iron_boots":1,"minecraft:iron_leggings":1},"minecraft:mined":{"quark:violet_corundum":1,"luminousworld:mossbuds_1":1,"minecraft:crafting_table":1,"luminousworld:mossbuds_2":2,"minecraft:grass_block":186,"minecraft:cobblestone":5,"luminousworld:decorative_red_2":1,"simplefarming:blackberry_bush":7,"minecraft:large_fern":3,"minecraft:skeleton_skull":1,"minecraft:hay_block":3,"minecraft:coarse_dirt":1,"minecraft:magenta_bed":1,"minecraft:spruce_log":7,"luminousworld:mossbuds_3":1,"minecraft:dirt":108,"simplefarming:mango_leaves":9,"croptopia:peach_crop":7,"minecraft:oak_log":17,"minecraft:grass":5,"minecraft:coal_ore":1,"minecraft:vine":1,"luminousworld:grassvariant_3":2,"croptopia:radish_crop":1,"crittersandcompanions:silk_cocoon":1,"iceandfire:pixie_house_spruce":1,"simplefarming:fruit_log":3,"minecraft:oak_leaves":31,"minecraft:infested_stone":1},"minecraft:picked_up":{"luminousworld:groundpebbles_1":6,"minecraft:crafting_table":1,"croptopia:radish":1,"simplefarming:soybean_seeds":1,"iceandfire:sea_serpent_fang":4,"croptopia:peach":21,"minecraft:leather":6,"minecraft:orange_carpet":1,"minecraft:lead":2,"minecraft:wooden_pickaxe":1,"simplefarming:mango_sapling":5,"boatload:large_spruce_boat":2,"simplefarming:rye_seeds":2,"minecraft:oak_log":17,"beachparty:coconut":1,"minecraft:magenta_bed":1,"croptopia:walnut":2,"minecraft:dirt":321,"minecraft:purple_carpet":1,"croptopia:soybean":1,"minecraft:bone":3,"minecraft:apple":1,"minecraft:wheat_seeds":4,"minecraft:gold_nugget":12,"minecraft:spruce_planks":1,"minecraft:stone_pickaxe":1,"simplefarming:blackberry_bush":7,"weaponmaster:tutorialbook":1,"minecraft:written_book":1,"croptopia:pepper_seed":1,"minecraft:iron_nugget":3,"iceandfire:fire_dragon_flesh":5,"crittersandcompanions:clam":1,"iceandfire:pixie_dust":2,"minecraft:stick":7,"iceandfire:dragonscales_gray":4,"simplefarming:cantaloupe_seeds":1,"minecraft:sweet_berries":7,"croptopia:soybean_seed":2,"simplefarming:yam_seeds":1,"ylf_mod:cleanleaves":3,"minecraft:spruce_log":11,"luminousworld:yellow_grassflowers":1,"simplefarming:blackberries":6,"alexsmobs:animal_dictionary":1,"minecraft:rotten_flesh":2,"minecraft:stone_sword":2,"minecraft:arrow":2,"quark:violet_corundum_cluster":1,"iceandfire:pixie_house_spruce":1,"crittersandcompanions:silk":5,"croptopia:radish_seed":2,"bossominium:the_bossdexium":1,"minecraft:hay_block":3,"iceandfire:fire_dragon_heart":1,"luminousworld:decorative_red_2":1,"wardrobe:silk":8,"croptopia:pepper":1,"minecraft:oak_sapling":4,"minecraft:mutton":9,"minecraft:white_wool":6,"minecraft:coal":3,"minecraft:skeleton_skull":2,"minecraft:cobblestone":5},"minecraft:crafted":{"minecraft:oak_planks":24,"minecraft:crafting_table":2,"minecraft:spruce_planks":28,"minecraft:wooden_pickaxe":1,"minecraft:bread":9,"woodworks:oak_chest":3,"minecraft:iron_shovel":1,"minecraft:stick":8,"minecraft:stone_pickaxe":1,"minecraft:stone_sword":1,"minecraft:white_bed":1,"boatload:large_spruce_boat":1,"minecraft:spruce_boat":1,"minecraft:shears":1,"minecraft:wheat":27},"minecraft:custom":{"minecraft:mob_kills":25,"minecraft:interact_with_crafting_table":13,"minecraft:open_barrel":4,"minecraft:leave_game":1,"minecraft:time_since_death":18971,"minecraft:sleep_in_bed":4,"minecraft:climb_one_cm":521,"minecraft:time_since_rest":11137,"minecraft:sprint_one_cm":223467,"minecraft:damage_taken":11910,"minecraft:walk_one_cm":243462,"minecraft:trigger_trapped_chest":3,"minecraft:drop":27,"minecraft:damage_dealt":8567,"minecraft:swim_one_cm":73939,"minecraft:fly_one_cm":233717,"minecraft:open_chest":14,"minecraft:crouch_one_cm":1481,"minecraft:play_time":88520,"minecraft:deaths":35,"minecraft:sneak_time":1885,"minecraft:walk_under_water_one_cm":40591,"minecraft:boat_one_cm":209710,"minecraft:jump":1065,"minecraft:walk_on_water_one_cm":80831,"minecraft:total_world_time":88520,"minecraft:fall_one_cm":24955},"minecraft:used":{"minecraft:stone_sword":42,"minecraft:iron_shovel":252,"iceandfire:silver_sword":171,"iceandfire:pixie_house_spruce":1,"minecraft:stone_pickaxe":1,"woodworks:oak_chest":3,"minecraft:wooden_pickaxe":31,"luminousworld:yellow_grassflowers":1,"simplefarming:blackberry_bush":1,"minecraft:dirt":1,"minecraft:orange_carpet":1,"minecraft:crafting_table":3,"minecraft:magenta_bed":1,"simplefarming:blackberries":3,"boatload:large_spruce_boat":2,"luminousworld:decorative_red_2":1,"minecraft:bread":4,"croptopia:peach":4,"minecraft:purple_carpet":1},"minecraft:dropped":{"minecraft:bread":4,"minecraft:iron_nugget":3,"minecraft:stone_sword":1,"nethervinery:crimson_grape_seeds":1,"beachparty:coconut":1,"croptopia:radish_seed":2,"minecraft:shears":1,"minecraft:dirt":14,"croptopia:walnut":1,"simplefarming:rye_seeds":1,"minecraft:skeleton_skull":1,"luminousworld:groundpebbles_1":5,"croptopia:radish":1,"minecraft:wooden_pickaxe":1,"minecraft:white_wool":3},"minecraft:killed":{"iceandfire:cyclops":1,"minecraft:spider":2,"luminousworld:sunken_skeleton":2,"minecraft:sheep":6,"minecraft:skeleton":2,"minecraft:zombie":2,"iceandfire:fire_dragon":1,"iceandfire:ghost":2,"minecraft:silverfish":3,"minecraft:drowned":1,"iceandfire:pixie":1,"luminousworld:dark_oak_zombie":1},"minecraft:killed_by":{"iceandfire:cyclops":19,"minecraft:skeleton":2,"iceandfire:ghost":4,"iceandfire:hydra":1,"iceandfire:fire_dragon":9}},"DataVersion":3465}