{"stats":{"minecraft:custom":{"minecraft:interact_with_crafting_table":24,"minecraft:open_barrel":69,"minecraft:bell_ring":2,"minecraft:eat_cake_slice":3,"minecraft:leave_game":4,"minecraft:time_since_death":12464,"minecraft:sprint_one_cm":909074,"minecraft:damage_blocked_by_shield":2375,"minecraft:drop":167,"minecraft:talked_to_villager":10,"minecraft:play_time":416715,"minecraft:deaths":48,"minecraft:jump":5499,"minecraft:walk_on_water_one_cm":148259,"minecraft:interact_with_furnace":12,"minecraft:interact_with_loom":2,"minecraft:sleep_in_bed":17,"minecraft:damage_dealt":28854,"minecraft:crouch_one_cm":29259,"minecraft:interact_with_smoker":4,"minecraft:inspect_dispenser":10,"minecraft:inspect_dropper":1,"minecraft:interact_with_anvil":1,"minecraft:mob_kills":151,"minecraft:climb_one_cm":12773,"minecraft:walk_one_cm":1337956,"minecraft:sneak_time":7774,"minecraft:walk_under_water_one_cm":45100,"minecraft:interact_with_lectern":3,"minecraft:total_world_time":416715,"minecraft:time_since_rest":12526,"minecraft:damage_taken":16328,"minecraft:trigger_trapped_chest":1,"minecraft:swim_one_cm":141938,"minecraft:fly_one_cm":1062349,"minecraft:open_chest":214,"minecraft:fall_one_cm":130595},"minecraft:mined":{"minecraft:spruce_planks":3,"minecraft:stone_pressure_plate":2,"minecraft:white_bed":5,"farmersdelight:rich_soil":1,"iceandfire:copper_pile":2,"minecraft:granite":1,"quark:glow_shroom_stem":3,"minecraft:acacia_log":2,"minecraft:grass_block":21,"minecraft:yellow_carpet":1,"minecraft:mangrove_fence":2,"iceandfire:lectern":1,"minecraft:coal_block":2,"minecraft:frosted_ice":1,"minecraft:mud_bricks":2,"minecraft:bamboo_block":12,"luminousworld:savanna_grass_2":2,"minecraft:tall_seagrass":2,"minecraft:raw_iron_block":1,"minecraft:iron_ore":21,"minecraft:cobbled_deepslate":8,"minecraft:fire":31,"iceandfire:crackled_dirt":1,"minecraft:sculk_shrieker":1,"iceandfire:gold_pile":3,"minecraft:oak_stairs":3,"minecraft:iron_bars":2,"minecraft:deepslate_brick_stairs":2,"minecraft:tripwire":1,"minecraft:deepslate_brick_wall":2,"minecraft:torch":1,"minecraft:melon":1,"iceandfire:ghost_chest":2,"minecraft:mushroom_stem":10,"minecraft:cobblestone":7,"minecraft:oak_planks":8,"thatsjustpeachy:peach_leaves":1,"minecraft:iron_door":4,"minecraft:wall_torch":1,"minecraft:amethyst_block":1,"minecraft:seagrass":2,"minecraft:chain":1,"luminousworld:clovers_1":1,"minecraft:dark_oak_slab":4,"minecraft:birch_log":127,"minecraft:tnt":2,"minecraft:smooth_stone_slab":6,"quark:glow_shroom":2,"minecraft:wither_rose":1,"minecraft:grass":71,"minecraft:oak_log":34,"minecraft:dirt":9,"luminousworld:grassvariant_3":12,"minecraft:smooth_basalt":4,"quark:glow_shroom_ring":1,"vinery:apple_leaves":1,"luminousworld:savannah_grass_4":3,"minecraft:piston":1,"minecraft:oak_leaves":95,"minecraft:deepslate":29,"minecraft:emerald_block":1,"luminousworld:savannah_ground":1,"minecraft:suspicious_gravel":1,"iceandfire:lightning_lily":1,"minecraft:dark_prismarine":6,"minecraft:tuff":2,"minecraft:red_carpet":1,"woodworks:dark_oak_chest":2,"iceandfire:silver_ore":5,"luminousworld:grassvariant_4":2,"minecraft:deepslate_diamond_ore":3,"farmersdelight:wild_carrots":1,"minecraft:stripped_birch_log":1,"minecraft:dark_oak_log":132,"minecraft:mangrove_roots":1,"minecraft:lever":1,"minecraft:spruce_fence":2,"minecraft:redstone_wire":2,"luminousworld:grassvariant_2":17,"iceandfire:chared_dirt":1,"thatsjustpeachy:peach_log":3,"candlelight:rose":2,"minecraft:hay_block":13,"minecraft:oak_trapdoor":1,"minecraft:carrots":1,"croptopia:corn_crop":1,"minecraft:stripped_spruce_log":3,"minecraft:gold_block":13,"minecraft:deepslate_iron_ore":14,"minecraft:vine":2,"minecraft:lantern":1,"crittersandcompanions:silk_cocoon":4,"minecraft:stripped_oak_log":4,"minecraft:bamboo":6,"minecraft:stone":33,"iceandfire:podium_spruce":1,"simplefarming:blueberry_bush":8,"iceandfire:pixie_jar_empty":1,"minecraft:oak_slab":1,"minecraft:acacia_leaves":29,"simplefarming:quinoa":1,"minecraft:stone_brick_slab":1,"minecraft:observer":2,"minecraft:dandelion":1,"minecraft:crafting_table":3,"minecraft:mangrove_wood":2,"luminousworld:savannah_grass_1":4,"minecraft:emerald_ore":2,"minecraft:oak_wood":1,"candlelight:wild_tomatoes":1,"minecraft:tall_grass":19,"quark:glow_shroom_block":3,"minecraft:dried_kelp_block":1,"minecraft:green_stained_glass_pane":1,"minecraft:spruce_stairs":1,"minecraft:stripped_spruce_wood":6,"minecraft:birch_leaves":11,"minecraft:black_wool":1,"iceandfire:silver_pile":3,"minecraft:mangrove_slab":1,"minecraft:coal_ore":28,"luminousworld:ishstone":1,"minecraft:zombie_head":1,"minecraft:gravel":5,"minecraft:cobweb":21,"minecraft:cracked_stone_bricks":7,"simplefarming:opuntia":1,"minecraft:stone_bricks":1,"luminousworld:elephant_grass":1,"minecraft:mossy_stone_bricks":4,"minecraft:gold_ore":5,"minecraft:iron_trapdoor":2,"minecraft:fern":3},"minecraft:used":{"iceandfire:lectern":1,"woodworks:dark_oak_chest":10,"minecraft:ladder":2,"minecraft:shield":107,"minecraft:iron_sword":527,"minecraft:rotten_flesh":1,"minecraft:iron_chestplate":1,"minecraft:tuff":1,"minecraft:stripped_spruce_log":1,"minecraft:lava_bucket":1,"iceandfire:crackled_gravel":1,"iceandfire:lightning_lily":1,"minecraft:birch_sapling":4,"minecraft:stone_bricks":1,"croptopia:peach":1,"minecraft:bow":205,"minecraft:written_book":1,"minecraft:oak_sapling":13,"minecraft:furnace":1,"candlelight:tomato":1,"croptopia:mango":2,"minecraft:egg":1,"minecraft:mossy_stone_bricks":4,"minecraft:stone_pickaxe":84,"minecraft:oak_planks":9,"minecraft:wooden_pickaxe":13,"minecraft:oak_leaves":1,"simplefarming:strawberries":10,"iceandfire:silver_axe":242,"iceandfire:lightning_dragon_flesh":1,"minecraft:bread":78,"simplefarming:apricot":5,"iceandfire:dragon_skull_fire":2,"minecraft:smooth_stone_slab":2,"minecraft:iron_bars":2,"minecraft:stone_sword":126,"iceandfire:armor_copper_metal_leggings":1,"woodworks:oak_chest":3,"minecraft:spruce_planks":4,"farmersdelight:rich_soil":1,"minecraft:torch":25,"minecraft:dirt":10,"minecraft:chainmail_chestplate":2,"croptopia:raspberry":1,"minecraft:granite":1,"minecraft:stone_brick_slab":1,"minecraft:oak_stairs":1,"minecraft:mud_bricks":1,"minecraft:smooth_basalt":4,"alexsmobs:lobster_bucket":1,"minecraft:cobbled_deepslate":27,"minecraft:iron_leggings":2,"minecraft:mangrove_wood":1,"minecraft:amethyst_block":1,"farmersdelight:skillet":29,"luminousworld:ishstone":1,"iceandfire:dragon_skull_lightning":1,"minecraft:cracked_stone_bricks":7,"iceandfire:chared_dirt":1,"minecraft:tnt":2,"minecraft:crafting_table":5,"minecraft:white_bed":4,"minecraft:painting":2,"minecraft:piston":1,"minecraft:apple":16,"minecraft:iron_pickaxe":202,"minecraft:stone_axe":150,"minecraft:cobblestone":9,"minecraft:bucket":4,"minecraft:dandelion":1,"minecraft:stripped_oak_log":3,"minecraft:candle":1},"minecraft:killed":{"minecraft:cave_spider":2,"minecraft:witch":1,"alexsmobs:anaconda":1,"iceandfire:gorgon":1,"minecraft:spider":5,"iceandfire:stymphalian_bird":2,"alexsmobs:alligator_snapping_turtle":2,"minecraft:skeleton":32,"luminousworld:dark_oak_skeleton":1,"alexsmobs:leafcutter_ant":1,"minecraft:chicken":1,"minecraft:piglin":21,"minecraft:zombie_villager":8,"iwannaskate:wandering_skater":1,"minecraft:creeper":4,"luminousworld:savannah_skeleton":1,"minecraft:pillager":3,"minecraft:zombie":30,"iceandfire:pixie":1,"iceandfire:lightning_dragon":2,"luminousworld:sunken_skeleton":3,"quark:toretoise":1,"iceandfire:fire_dragon":1,"iceandfire:deathworm":1,"ylf_mod:ylf":1,"minecraft:husk":1,"alexsmobs:emu":3,"alexsmobs:crocodile":2,"sons_of_sins:betrayed_guzzler":1,"iceandfire:ghost":4,"minecraft:enderman":1},"minecraft:picked_up":{"minecraft:iron_trapdoor":1,"minecraft:oak_stairs":2,"minecraft:wither_rose":1,"minecraft:amethyst_block":2,"alexsmobs:gazelle_horn":2,"iceandfire:manuscript":18,"minecraft:string":27,"simplefarming:zucchini_seeds":2,"minecraft:raw_copper":10,"minecraft:iron_leggings":1,"minecraft:smooth_stone_slab":4,"minecraft:zombie_head":1,"alexsmobs:emu_feather":3,"minecraft:gold_nugget":97,"minecraft:cobbled_deepslate":27,"minecraft:spruce_planks":3,"minecraft:flower_banner_pattern":1,"minecraft:iron_pickaxe":1,"minecraft:melon_slice":6,"minecraft:coal_block":2,"minecraft:golden_helmet":1,"minecraft:stick":20,"iceandfire:ghost_chest":2,"quark:glow_shroom_ring":4,"iceandfire:crackled_dirt":1,"minecraft:oak_fence":15,"minecraft:torch":6,"minecraft:acacia_log":2,"minecraft:spruce_stairs":1,"iceandfire:lightning_dragon_flesh":4,"iceandfire:crackled_gravel":6,"minecraft:golden_chestplate":2,"iceandfire:lightning_lily":1,"minecraft:bamboo_block":12,"minecraft:stone_sword":5,"minecraft:rotten_flesh":61,"iceandfire:deathworm_chitin_yellow":2,"croptopia:raspberry_seed":2,"iceandfire:fire_dragon_heart":1,"alexsmobs:emu_egg":1,"minecraft:mangrove_roots":2,"minecraft:deepslate_brick_stairs":2,"minecraft:iron_bars":2,"minecraft:cobblestone":48,"iceandfire:dragonscales_black":8,"minecraft:birch_log":125,"minecraft:leather_chestplate":1,"minecraft:feather":3,"minecraft:golden_leggings":1,"minecraft:potato":1,"croptopia:mango":2,"minecraft:tuff":1,"minecraft:stripped_spruce_wood":6,"woodworks:dark_oak_chest":2,"minecraft:stripped_birch_log":2,"minecraft:dirt":18,"minecraft:leather_boots":1,"minecraft:mangrove_fence":6,"simplefarming:cucumber_seeds":1,"minecraft:bone":59,"croptopia:corn":1,"minecraft:bow":11,"minecraft:wheat_seeds":20,"minecraft:raw_gold":12,"luminousworld:elephant_grass":1,"simplefarming:blueberry_bush":7,"minecraft:mossy_stone_bricks":4,"minecraft:glowstone_dust":1,"minecraft:bamboo":11,"minecraft:oak_planks":8,"iceandfire:dragonscales_amythest":23,"simplefarming:peanut_seeds":1,"simplefarming:radish_seeds":1,"iceandfire:podium_spruce":2,"thatsjustpeachy:peach_planks":2,"alexsmobs:crocodile_egg":1,"iceandfire:dragon_skull_fire":4,"ylf_mod:cleanleaves":6,"minecraft:stripped_spruce_log":2,"iceandfire:stymphalian_bird_feather":2,"iceandfire:lightning_dragon_heart":2,"minecraft:dark_oak_log":128,"alexsmobs:animal_dictionary":2,"sons_of_sins:flesh_of_demise":1,"minecraft:yellow_carpet":3,"minecraft:diamond":3,"minecraft:mangrove_wood":2,"iceandfire:lectern":1,"minecraft:lever":2,"bossominium:the_bossdexium":1,"minecraft:crossbow":1,"minecraft:granite":1,"minecraft:golden_apple":1,"minecraft:emerald":14,"minecraft:bread":20,"iceandfire:gorgon_head":1,"minecraft:oak_sapling":5,"iceandfire:silver_nugget":20,"minecraft:oak_leaves":1,"iceandfire:raw_silver":5,"iceandfire:dragon_skull_lightning":5,"minecraft:crafting_table":3,"minecraft:chicken":1,"minecraft:ladder":2,"croptopia:peach":1,"minecraft:golden_pickaxe":1,"minecraft:wooden_pickaxe":1,"minecraft:gold_block":12,"minecraft:chain":1,"iwannaskate:pizza_slice":1,"minecraft:shield":4,"minecraft:moss_carpet":2,"minecraft:cracked_stone_bricks":7,"iceandfire:bestiary":1,"simplefarming:oat_seeds":3,"minecraft:candle":1,"ylf_mod:colorfulfeather":1,"minecraft:observer":4,"wardrobe:jungle_leggings":1,"minecraft:birch_sapling":3,"minecraft:piston":1,"minecraft:egg":1,"minecraft:raw_iron":34,"iceandfire:dragonbone":51,"iceandfire:dragonscales_green":6,"croptopia:corn_seed":1,"minecraft:glow_item_frame":1,"simplefarming:apricot":5,"minecraft:copper_ingot":2,"minecraft:spruce_fence":2,"minecraft:carrot":7,"minecraft:redstone":2,"alexsmobs:leafcutter_ant_pupa":1,"minecraft:stone_pressure_plate":2,"minecraft:tnt":4,"iceandfire:silver_ingot":6,"minecraft:arrow":39,"minecraft:decorated_pot":1,"iceandfire:chared_dirt":1,"simplefarming:strawberries":10,"minecraft:hay_block":18,"crittersandcompanions:silk":14,"minecraft:gold_ingot":5,"minecraft:mutton":1,"minecraft:skeleton_skull":2,"iceandfire:silver_axe":1,"minecraft:stripped_oak_log":4,"farmersdelight:rich_soil":1,"minecraft:mud_bricks":1,"luminousworld:ishstone":1,"minecraft:leather":2,"alexsmobs:acacia_blossom":1,"doggytalents:rice_grains":9,"minecraft:oak_log":34,"minecraft:chainmail_chestplate":4,"iceandfire:ectoplasm":3,"minecraft:gunpowder":6,"minecraft:apple":17,"minecraft:stone_bricks":1,"iceandfire:pixie_jar_empty":1,"simplefarming:honeydew_seeds":1,"candlelight:rose":2,"minecraft:rabbit_hide":6,"quark:glow_shroom":2,"minecraft:iron_ingot":5,"croptopia:raspberry":1,"minecraft:stone_pickaxe":2,"minecraft:cobweb":21,"weaponmaster:tutorialbook":3,"candlelight:tomato":1,"minecraft:glass_bottle":2,"iceandfire:fire_dragon_flesh":8,"minecraft:iron_sword":2,"minecraft:acacia_sapling":1,"simplefarming:quinoa_seeds":4,"iceandfire:copper_nugget":282,"minecraft:smooth_basalt":7,"minecraft:dark_oak_slab":4,"minecraft:emerald_block":1,"vinery:jungle_grapes_white":8,"minecraft:stone_brick_slab":1,"minecraft:dandelion":1,"minecraft:raw_iron_block":1,"simplefarming:blueberries":8,"minecraft:gravel":15,"thatsjustpeachy:peach_log":3,"minecraft:white_bed":6,"minecraft:spider_eye":4,"alexsmobs:raw_catfish":1,"minecraft:oak_wood":1,"minecraft:pumpkin_seeds":6,"minecraft:music_disc_mall":1,"minecraft:dried_kelp_block":2,"minecraft:stone_axe":3,"minecraft:chainmail_leggings":1,"minecraft:painting":2,"minecraft:coal":79,"minecraft:ender_pearl":1},"minecraft:crafted":{"minecraft:oak_planks":36,"iceandfire:lectern":1,"minecraft:bow":4,"iceandfire:silver_axe":1,"minecraft:emerald":9,"minecraft:crafting_table":2,"iceandfire:blindfold":1,"minecraft:spruce_planks":4,"minecraft:wooden_pickaxe":1,"croptopia:corn_seed":1,"thatsjustpeachy:peach_planks":12,"minecraft:copper_ingot":14,"minecraft:birch_planks":4,"minecraft:shield":2,"minecraft:stick":24,"minecraft:iron_ingot":8,"minecraft:iron_pickaxe":1,"minecraft:stone_sword":1,"woodworks:dark_oak_chest":8,"minecraft:gold_ingot":27,"minecraft:raw_iron":9,"minecraft:furnace":1,"minecraft:stone_pickaxe":1,"minecraft:wheat":90,"minecraft:iron_sword":2,"minecraft:stone_axe":1,"minecraft:bread":31,"minecraft:air":0,"woodworks:oak_chest":3,"minecraft:torch":24},"minecraft:dropped":{"minecraft:iron_sword":1,"minecraft:birch_planks":2,"minecraft:oak_log":27,"iceandfire:silver_axe":1,"minecraft:golden_pickaxe":1,"ylf_mod:colorfulfeather":1,"minecraft:decorated_pot":1,"minecraft:dark_oak_slab":2,"minecraft:crossbow":1,"simplefarming:radish_seeds":1,"minecraft:glow_item_frame":1,"minecraft:leather":2,"minecraft:emerald":3,"minecraft:dirt":2,"minecraft:dark_oak_log":128,"minecraft:chain":1,"simplefarming:oat_seeds":3,"minecraft:gold_nugget":9,"minecraft:iron_pickaxe":1,"minecraft:birch_log":128,"minecraft:gold_ingot":3,"minecraft:bone":3,"minecraft:gravel":15,"minecraft:lever":2,"minecraft:rotten_flesh":17,"minecraft:white_bed":1,"iceandfire:crackled_gravel":2,"minecraft:mangrove_fence":6,"minecraft:chainmail_chestplate":3,"minecraft:leather_chestplate":1,"quark:glow_shroom_ring":4,"iceandfire:ghost_chest":1,"simplefarming:honeydew_seeds":1,"candlelight:rose":2,"minecraft:leather_boots":1,"doggytalents:rice_grains":9,"minecraft:bread":2,"minecraft:wheat_seeds":2,"minecraft:stripped_spruce_log":1,"minecraft:golden_helmet":1,"minecraft:tnt":2,"weaponmaster:tutorialbook":1,"minecraft:oak_fence":14,"minecraft:feather":1,"minecraft:cobblestone":11,"ylf_mod:cleanleaves":1,"minecraft:observer":4,"minecraft:amethyst_block":1,"minecraft:apple":1,"minecraft:acacia_log":2,"minecraft:yellow_carpet":3,"simplefarming:peanut_seeds":1,"minecraft:golden_apple":1,"minecraft:stick":8,"simplefarming:zucchini_seeds":2,"minecraft:cobweb":10,"minecraft:dried_kelp_block":1,"minecraft:deepslate_brick_stairs":2,"minecraft:stripped_birch_log":2,"minecraft:wither_rose":1,"minecraft:chainmail_leggings":1,"minecraft:string":5,"minecraft:moss_carpet":2,"minecraft:stone_sword":2,"minecraft:smooth_stone_slab":2,"croptopia:raspberry_seed":2,"croptopia:corn_seed":2,"minecraft:stripped_oak_log":1,"minecraft:pumpkin_seeds":6,"minecraft:shield":1,"simplefarming:cucumber_seeds":1,"minecraft:oak_sapling":8,"minecraft:stone_pressure_plate":1,"minecraft:spider_eye":1,"minecraft:bow":2,"simplefarming:quinoa_seeds":4,"minecraft:wooden_pickaxe":1,"minecraft:raw_gold":2,"iceandfire:dragon_skull_lightning":1},"minecraft:broken":{"minecraft:iron_leggings":1,"minecraft:stone_pickaxe":1,"minecraft:stone_axe":1,"minecraft:iron_sword":1,"minecraft:stone_sword":1,"minecraft:iron_helmet":1},"minecraft:killed_by":{"minecraft:creeper":1,"minecraft:drowned":1,"iceandfire:stymphalian_bird":1,"minecraft:piglin":7,"minecraft:cave_spider":1,"alexsmobs:anaconda":1,"iceandfire:fire_dragon":14,"iceandfire:amphithere":1,"iceandfire:gorgon":1,"minecraft:skeleton":4,"iceandfire:lightning_dragon":12,"iceandfire:ghost":2,"luminousworld:savannah_skeleton":1}},"DataVersion":3465}