{
  "ylf_mod:ylfyourflyingpet": {
    "criteria": {
      "ylfyourflyingpet": "2024-05-19 04:52:19 +0000"
    },
    "done": true
  },
  "shadowlands:first_load": {
    "criteria": {
      "first_load": "2024-05-19 04:52:19 +0000"
    },
    "done": true
  },
  "weaponmaster:parts/root": {
    "criteria": {
      "crafting_table": "2024-05-19 04:52:19 +0000"
    },
    "done": true
  },
  "farmersdelight:main/root": {
    "criteria": {
      "seeds": "2024-05-19 04:52:19 +0000"
    },
    "done": true
  },
  "candlelight:main/root": {
    "criteria": {
      "seeds": "2024-05-19 04:52:19 +0000"
    },
    "done": true
  },
  "bakery:main/root": {
    "criteria": {
      "seeds": "2024-05-19 04:52:19 +0000"
    },
    "done": true
  },
  "vinery:main/root": {
    "criteria": {
      "seeds": "2024-05-19 04:52:19 +0000"
    },
    "done": true
  },
  "overweight_farming:building_blocks/waxed_seedless_peeled_melon_from_honeycomb": {
    "criteria": {
      "has_the_recipe": "2024-05-19 04:52:20 +0000"
    },
    "done": true
  },
  "iceandfire:iceandfire/root": {
    "criteria": {
      "tick": "2024-05-19 04:52:20 +0000"
    },
    "done": true
  },
  "beachparty:palm_sign": {
    "criteria": {
      "has_the_recipe": "2024-05-19 04:52:20 +0000"
    },
    "done": true
  },
  "nethervinery:crimson_apple_press": {
    "criteria": {
      "has_the_recipe": "2024-05-19 04:52:20 +0000"
    },
    "done": true
  },
  "beachparty:sunglasses": {
    "criteria": {
      "has_the_recipe": "2024-05-19 04:52:20 +0000"
    },
    "done": true
  },
  "beachparty:palm_stairs": {
    "criteria": {
      "has_the_recipe": "2024-05-19 04:52:20 +0000"
    },
    "done": true
  },
  "beachparty:tiki_chair": {
    "criteria": {
      "has_the_recipe": "2024-05-19 04:52:20 +0000"
    },
    "done": true
  },
  "beachparty:palm_pressure_plate": {
    "criteria": {
      "has_the_recipe": "2024-05-19 04:52:20 +0000"
    },
    "done": true
  },
  "beachparty:palm_boat": {
    "criteria": {
      "has_the_recipe": "2024-05-19 04:52:20 +0000"
    },
    "done": true
  },
  "nethervinery:warped_wine_rack_mid": {
    "criteria": {
      "has_the_recipe": "2024-05-19 04:52:20 +0000"
    },
    "done": true
  },
  "beachparty:bikini": {
    "criteria": {
      "has_the_recipe": "2024-05-19 04:52:20 +0000"
    },
    "done": true
  },
  "beachparty:palm_chest_boat": {
    "criteria": {
      "has_the_recipe": "2024-05-19 04:52:20 +0000"
    },
    "done": true
  },
  "nethervinery:improved_nether_fizz": {
    "criteria": {
      "has_the_recipe": "2024-05-19 04:52:20 +0000"
    },
    "done": true
  },
  "nethervinery:crimson_nether_bag": {
    "criteria": {
      "has_the_recipe": "2024-05-19 04:52:20 +0000"
    },
    "done": true
  },
  "nethervinery:crimson_grape_seeds": {
    "criteria": {
      "has_the_recipe": "2024-05-19 04:52:20 +0000"
    },
    "done": true
  },
  "travelersbackpack:standard_from_custom": {
    "criteria": {
      "has_the_recipe": "2024-05-19 04:52:20 +0000"
    },
    "done": true
  },
  "beachparty:mini_fridge": {
    "criteria": {
      "has_the_recipe": "2024-05-19 04:52:20 +0000"
    },
    "done": true
  },
  "nethervinery:warped_grape_crate": {
    "criteria": {
      "has_the_recipe": "2024-05-19 04:52:20 +0000"
    },
    "done": true
  },
  "overweight_farming:building_blocks/waxed_seeded_peeled_melon_from_honeycomb": {
    "criteria": {
      "has_the_recipe": "2024-05-19 04:52:20 +0000"
    },
    "done": true
  },
  "nethervinery:reinforced_crimson_planks": {
    "criteria": {
      "has_the_recipe": "2024-05-19 04:52:20 +0000"
    },
    "done": true
  },
  "nethervinery:warped_grapevine_pot": {
    "criteria": {
      "has_the_recipe": "2024-05-19 04:52:20 +0000"
    },
    "done": true
  },
  "beachparty:beach_chair": {
    "criteria": {
      "has_the_recipe": "2024-05-19 04:52:20 +0000"
    },
    "done": true
  },
  "nethervinery:crimson_fermentation_barrel": {
    "criteria": {
      "has_the_recipe": "2024-05-19 04:52:20 +0000"
    },
    "done": true
  },
  "bossominium:loot_bosses_a": {
    "criteria": {
      "loot_bosses_a": "2024-05-19 04:52:20 +0000"
    },
    "done": true
  },
  "nethervinery:warped_nether_bag": {
    "criteria": {
      "has_the_recipe": "2024-05-19 04:52:20 +0000"
    },
    "done": true
  },
  "beachparty:chair": {
    "criteria": {
      "has_the_recipe": "2024-05-19 04:52:20 +0000"
    },
    "done": true
  },
  "beachparty:palm_slab": {
    "criteria": {
      "has_the_recipe": "2024-05-19 04:52:20 +0000"
    },
    "done": true
  },
  "nethervinery:crimson_grapevine_pot": {
    "criteria": {
      "has_the_recipe": "2024-05-19 04:52:20 +0000"
    },
    "done": true
  },
  "nethervinery:warped_wine_rack_small": {
    "criteria": {
      "has_the_recipe": "2024-05-19 04:52:20 +0000"
    },
    "done": true
  },
  "nethervinery:crested_crimson_planks": {
    "criteria": {
      "has_the_recipe": "2024-05-19 04:52:20 +0000"
    },
    "done": true
  },
  "beachparty:palm_beam": {
    "criteria": {
      "has_the_recipe": "2024-05-19 04:52:20 +0000"
    },
    "done": true
  },
  "beachparty:palm_door": {
    "criteria": {
      "has_the_recipe": "2024-05-19 04:52:20 +0000"
    },
    "done": true
  },
  "beachparty:palm_fence_gate": {
    "criteria": {
      "has_the_recipe": "2024-05-19 04:52:20 +0000"
    },
    "done": true
  },
  "beachparty:palm_trapdoor": {
    "criteria": {
      "has_the_recipe": "2024-05-19 04:52:20 +0000"
    },
    "done": true
  },
  "nethervinery:obsidian_stem": {
    "criteria": {
      "has_the_recipe": "2024-05-19 04:52:20 +0000"
    },
    "done": true
  },
  "overweight_farming:building_blocks/vegetable_compost": {
    "criteria": {
      "has_the_recipe": "2024-05-19 04:52:20 +0000"
    },
    "done": true
  },
  "beachparty:palm_fence": {
    "criteria": {
      "has_the_recipe": "2024-05-19 04:52:20 +0000"
    },
    "done": true
  },
  "nethervinery:warped_grape_seeds": {
    "criteria": {
      "has_the_recipe": "2024-05-19 04:52:20 +0000"
    },
    "done": true
  },
  "beachparty:beach_hat": {
    "criteria": {
      "has_the_recipe": "2024-05-19 04:52:20 +0000"
    },
    "done": true
  },
  "beachparty:palm_button": {
    "criteria": {
      "has_the_recipe": "2024-05-19 04:52:20 +0000"
    },
    "done": true
  },
  "beachparty:palm_tall_torch": {
    "criteria": {
      "has_the_recipe": "2024-05-19 04:52:20 +0000"
    },
    "done": true
  },
  "nethervinery:improved_lava_fizz": {
    "criteria": {
      "has_the_recipe": "2024-05-19 04:52:20 +0000"
    },
    "done": true
  },
  "nethervinery:crested_warped_planks": {
    "criteria": {
      "has_the_recipe": "2024-05-19 04:52:20 +0000"
    },
    "done": true
  },
  "beachparty:hammock": {
    "criteria": {
      "has_the_recipe": "2024-05-19 04:52:20 +0000"
    },
    "done": true
  },
  "beachparty:palm_wood": {
    "criteria": {
      "has_the_recipe": "2024-05-19 04:52:20 +0000"
    },
    "done": true
  },
  "nethervinery:warped_apple_press": {
    "criteria": {
      "has_the_recipe": "2024-05-19 04:52:20 +0000"
    },
    "done": true
  },
  "nethervinery:crimson_wine_rack_small": {
    "criteria": {
      "has_the_recipe": "2024-05-19 04:52:20 +0000"
    },
    "done": true
  },
  "beachparty:beach_towel": {
    "criteria": {
      "has_the_recipe": "2024-05-19 04:52:20 +0000"
    },
    "done": true
  },
  "nethervinery:warped_fermentation_barrel": {
    "criteria": {
      "has_the_recipe": "2024-05-19 04:52:20 +0000"
    },
    "done": true
  },
  "beachparty:lounge_chair": {
    "criteria": {
      "has_the_recipe": "2024-05-19 04:52:20 +0000"
    },
    "done": true
  },
  "beachparty:table": {
    "criteria": {
      "has_the_recipe": "2024-05-19 04:52:20 +0000"
    },
    "done": true
  },
  "nethervinery:reinforced_warped_planks": {
    "criteria": {
      "has_the_recipe": "2024-05-19 04:52:20 +0000"
    },
    "done": true
  },
  "beachparty:cabinet": {
    "criteria": {
      "has_the_recipe": "2024-05-19 04:52:20 +0000"
    },
    "done": true
  },
  "nethervinery:crimson_wine_rack_mid": {
    "criteria": {
      "has_the_recipe": "2024-05-19 04:52:20 +0000"
    },
    "done": true
  },
  "beachparty:palm_floorboard": {
    "criteria": {
      "has_the_recipe": "2024-05-19 04:52:20 +0000"
    },
    "done": true
  },
  "nethervinery:crimson_grape_crate": {
    "criteria": {
      "has_the_recipe": "2024-05-19 04:52:20 +0000"
    },
    "done": true
  },
  "beachparty:radio": {
    "criteria": {
      "has_the_recipe": "2024-05-19 04:52:20 +0000"
    },
    "done": true
  },
  "overweight_farming:building_blocks/waxed_half_seeded_peeled_melon_from_honeycomb": {
    "criteria": {
      "has_the_recipe": "2024-05-19 04:52:20 +0000"
    },
    "done": true
  },
  "beachparty:palm_planks": {
    "criteria": {
      "has_the_recipe": "2024-05-19 04:52:20 +0000"
    },
    "done": true
  },
  "minecraft:adventure/adventuring_time": {
    "criteria": {
      "minecraft:taiga": "2024-05-19 04:59:48 +0000",
      "minecraft:windswept_hills": "2024-05-19 05:29:08 +0000",
      "minecraft:beach": "2024-05-19 05:14:17 +0000",
      "minecraft:dark_forest": "2024-05-19 05:03:22 +0000",
      "minecraft:river": "2024-05-19 05:10:28 +0000",
      "minecraft:dripstone_caves": "2024-05-19 04:59:47 +0000",
      "minecraft:grove": "2024-05-19 04:54:10 +0000",
      "minecraft:swamp": "2024-05-19 05:29:48 +0000",
      "minecraft:forest": "2024-05-19 04:56:00 +0000",
      "minecraft:ocean": "2024-05-19 05:14:33 +0000",
      "minecraft:old_growth_spruce_taiga": "2024-05-19 05:00:41 +0000",
      "minecraft:windswept_savanna": "2024-05-19 05:27:21 +0000",
      "minecraft:frozen_peaks": "2024-05-19 04:52:21 +0000",
      "minecraft:old_growth_birch_forest": "2024-05-19 05:13:33 +0000",
      "minecraft:meadow": "2024-05-19 04:55:45 +0000",
      "minecraft:plains": "2024-05-19 04:57:25 +0000"
    },
    "done": false
  },
  "candlelight:main/find_wild_crops": {
    "criteria": {
      "lettuce": "2024-05-19 04:55:47 +0000"
    },
    "done": true
  },
  "croptopia:gather_all": {
    "criteria": {
      "cantaloupe_seed": "2024-05-19 05:12:10 +0000",
      "tomato_seed": "2024-05-19 05:04:14 +0000",
      "cabbage_seed": "2024-05-19 06:00:20 +0000",
      "cucumber_seed": "2024-05-19 06:00:23 +0000",
      "barley_seed": "2024-05-19 05:55:15 +0000",
      "raspberry_seed": "2024-05-19 05:56:04 +0000"
    },
    "done": false
  },
  "minecraft:adventure/sleep_in_bed": {
    "criteria": {
      "slept_in_bed": "2024-05-19 05:04:33 +0000"
    },
    "done": true
  },
  "minecraft:adventure/root": {
    "criteria": {
      "killed_something": "2024-05-19 05:01:03 +0000"
    },
    "done": true
  },
  "minecraft:adventure/kill_all_mobs": {
    "criteria": {
      "minecraft:spider": "2024-05-19 05:27:48 +0000"
    },
    "done": false
  },
  "simplefarming:root": {
    "criteria": {
      "pickup_seed": "2024-05-19 04:57:56 +0000"
    },
    "done": true
  },
  "croptopia:getseeds": {
    "criteria": {
      "has_seeds": "2024-05-19 05:04:14 +0000"
    },
    "done": true
  },
  "beachparty:sand_bucket_block": {
    "criteria": {
      "has_wooden_shovel": "2024-05-19 05:58:05 +0000"
    },
    "done": true
  },
  "croptopia:gather_plains": {
    "criteria": {
      "cabbage_seed": "2024-05-19 06:00:20 +0000",
      "cucumber_seed": "2024-05-19 06:00:23 +0000",
      "barley_seed": "2024-05-19 05:55:15 +0000"
    },
    "done": false
  },
  "croptopia:root": {
    "criteria": {
      "root": "2024-05-19 05:55:32 +0000"
    },
    "done": true
  },
  "iceandfire:iceandfire/kill_sea_serpent": {
    "criteria": {
      "killed_fire_dragon": "2024-05-19 05:20:58 +0000"
    },
    "done": true
  },
  "minecraft:adventure/kill_a_mob": {
    "criteria": {
      "minecraft:spider": "2024-05-19 05:27:48 +0000"
    },
    "done": true
  },
  "alexsmobs:alexsmobs/seagull_steal": {
    "criteria": {
      "ex": "2024-05-19 05:22:48 +0000"
    },
    "done": true
  },
  "minecraft:husbandry/plant_seed": {
    "criteria": {
      "wheat": "2024-05-19 05:56:10 +0000"
    },
    "done": true
  },
  "iceandfire:iceandfire/kill_ghost": {
    "criteria": {
      "killed_fire_dragon": "2024-05-19 05:01:03 +0000"
    },
    "done": true
  },
  "vinery:main/crop_collector": {
    "criteria": {
      "vinery:white_grape_seeds": "2024-05-19 05:55:51 +0000"
    },
    "done": false
  },
  "croptopia:gather_forest": {
    "criteria": {
      "cantaloupe_seed": "2024-05-19 05:12:10 +0000",
      "tomato_seed": "2024-05-19 05:04:14 +0000",
      "raspberry_seed": "2024-05-19 05:56:04 +0000"
    },
    "done": false
  },
  "vinery:main/wild_crops": {
    "criteria": {
      "white_grape_seeds": "2024-05-19 05:55:51 +0000"
    },
    "done": true
  },
  "minecraft:husbandry/balanced_diet": {
    "criteria": {
      "bread": "2024-05-19 05:15:16 +0000",
      "carrot": "2024-05-19 05:33:54 +0000"
    },
    "done": false
  },
  "minecraft:husbandry/root": {
    "criteria": {
      "consumed_item": "2024-05-19 05:02:49 +0000"
    },
    "done": true
  },
  "simplefarming:berries": {
    "criteria": {
      "blueberries": "2024-05-19 05:01:10 +0000",
      "strawberries": "2024-05-19 05:06:06 +0000"
    },
    "done": false
  },
  "candlelight:main/place_seeds": {
    "criteria": {
      "tomato": "2024-05-19 05:56:38 +0000"
    },
    "done": true
  },
  "farmersdelight:main/plant_all_crops": {
    "criteria": {
      "wheat": "2024-05-19 05:56:10 +0000",
      "carrot": "2024-05-19 05:55:56 +0000"
    },
    "done": false
  },
  "quark:get_all_corundum": {
    "criteria": {
      "violet": "2024-05-19 05:27:56 +0000"
    },
    "done": false
  },
  "farmersdelight:main/get_fd_seed": {
    "criteria": {
      "onion": "2024-05-19 04:57:39 +0000"
    },
    "done": true
  },
  "minecraft:story/root": {
    "criteria": {
      "crafting_table": "2024-05-19 05:01:35 +0000"
    },
    "done": true
  },
  "DataVersion": 3465
}