{
  "farmersdelight:main/root": {
    "criteria": {
      "seeds": "2024-05-16 04:37:50 +0000"
    },
    "done": true
  },
  "minecraft:recipes/decorations/crafting_table": {
    "criteria": {
      "unlock_right_away": "2024-05-16 04:37:19 +0000"
    },
    "done": true
  },
  "minecraft:adventure/adventuring_time": {
    "criteria": {
      "minecraft:plains": "2024-05-16 04:37:21 +0000"
    },
    "done": false
  },
  "farmersdelight:recipes/food/rice_from_bag": {
    "criteria": {
      "has_rice_bag": "2024-05-16 04:37:50 +0000"
    },
    "done": true
  },
  "DataVersion": 3465
}