{
  "overweight_farming:building_blocks/waxed_seedless_peeled_melon_from_honeycomb": {
    "criteria": {
      "has_the_recipe": "2024-05-19 17:32:49 +0000"
    },
    "done": true
  },
  "beachparty:palm_sign": {
    "criteria": {
      "has_the_recipe": "2024-05-19 17:32:49 +0000"
    },
    "done": true
  },
  "ylf_mod:ylfyourflyingpet": {
    "criteria": {
      "ylfyourflyingpet": "2024-05-19 17:32:49 +0000"
    },
    "done": true
  },
  "nethervinery:crimson_apple_press": {
    "criteria": {
      "has_the_recipe": "2024-05-19 17:32:49 +0000"
    },
    "done": true
  },
  "beachparty:sunglasses": {
    "criteria": {
      "has_the_recipe": "2024-05-19 17:32:49 +0000"
    },
    "done": true
  },
  "beachparty:palm_stairs": {
    "criteria": {
      "has_the_recipe": "2024-05-19 17:32:49 +0000"
    },
    "done": true
  },
  "beachparty:tiki_chair": {
    "criteria": {
      "has_the_recipe": "2024-05-19 17:32:49 +0000"
    },
    "done": true
  },
  "beachparty:palm_pressure_plate": {
    "criteria": {
      "has_the_recipe": "2024-05-19 17:32:49 +0000"
    },
    "done": true
  },
  "beachparty:palm_boat": {
    "criteria": {
      "has_the_recipe": "2024-05-19 17:32:49 +0000"
    },
    "done": true
  },
  "nethervinery:warped_wine_rack_mid": {
    "criteria": {
      "has_the_recipe": "2024-05-19 17:32:49 +0000"
    },
    "done": true
  },
  "beachparty:bikini": {
    "criteria": {
      "has_the_recipe": "2024-05-19 17:32:49 +0000"
    },
    "done": true
  },
  "beachparty:palm_chest_boat": {
    "criteria": {
      "has_the_recipe": "2024-05-19 17:32:49 +0000"
    },
    "done": true
  },
  "nethervinery:improved_nether_fizz": {
    "criteria": {
      "has_the_recipe": "2024-05-19 17:32:49 +0000"
    },
    "done": true
  },
  "nethervinery:crimson_nether_bag": {
    "criteria": {
      "has_the_recipe": "2024-05-19 17:32:49 +0000"
    },
    "done": true
  },
  "nethervinery:crimson_grape_seeds": {
    "criteria": {
      "has_the_recipe": "2024-05-19 17:32:49 +0000"
    },
    "done": true
  },
  "travelersbackpack:standard_from_custom": {
    "criteria": {
      "has_the_recipe": "2024-05-19 17:32:49 +0000"
    },
    "done": true
  },
  "beachparty:mini_fridge": {
    "criteria": {
      "has_the_recipe": "2024-05-19 17:32:49 +0000"
    },
    "done": true
  },
  "nethervinery:warped_grape_crate": {
    "criteria": {
      "has_the_recipe": "2024-05-19 17:32:49 +0000"
    },
    "done": true
  },
  "overweight_farming:building_blocks/waxed_seeded_peeled_melon_from_honeycomb": {
    "criteria": {
      "has_the_recipe": "2024-05-19 17:32:49 +0000"
    },
    "done": true
  },
  "nethervinery:reinforced_crimson_planks": {
    "criteria": {
      "has_the_recipe": "2024-05-19 17:32:49 +0000"
    },
    "done": true
  },
  "nethervinery:warped_grapevine_pot": {
    "criteria": {
      "has_the_recipe": "2024-05-19 17:32:49 +0000"
    },
    "done": true
  },
  "shadowlands:first_load": {
    "criteria": {
      "first_load": "2024-05-19 17:32:49 +0000"
    },
    "done": true
  },
  "beachparty:beach_chair": {
    "criteria": {
      "has_the_recipe": "2024-05-19 17:32:49 +0000"
    },
    "done": true
  },
  "nethervinery:crimson_fermentation_barrel": {
    "criteria": {
      "has_the_recipe": "2024-05-19 17:32:49 +0000"
    },
    "done": true
  },
  "nethervinery:warped_nether_bag": {
    "criteria": {
      "has_the_recipe": "2024-05-19 17:32:49 +0000"
    },
    "done": true
  },
  "beachparty:chair": {
    "criteria": {
      "has_the_recipe": "2024-05-19 17:32:49 +0000"
    },
    "done": true
  },
  "beachparty:palm_slab": {
    "criteria": {
      "has_the_recipe": "2024-05-19 17:32:49 +0000"
    },
    "done": true
  },
  "nethervinery:crimson_grapevine_pot": {
    "criteria": {
      "has_the_recipe": "2024-05-19 17:32:49 +0000"
    },
    "done": true
  },
  "nethervinery:warped_wine_rack_small": {
    "criteria": {
      "has_the_recipe": "2024-05-19 17:32:49 +0000"
    },
    "done": true
  },
  "weaponmaster:parts/root": {
    "criteria": {
      "crafting_table": "2024-05-19 17:32:49 +0000"
    },
    "done": true
  },
  "nethervinery:crested_crimson_planks": {
    "criteria": {
      "has_the_recipe": "2024-05-19 17:32:49 +0000"
    },
    "done": true
  },
  "beachparty:palm_beam": {
    "criteria": {
      "has_the_recipe": "2024-05-19 17:32:49 +0000"
    },
    "done": true
  },
  "beachparty:palm_door": {
    "criteria": {
      "has_the_recipe": "2024-05-19 17:32:49 +0000"
    },
    "done": true
  },
  "beachparty:palm_fence_gate": {
    "criteria": {
      "has_the_recipe": "2024-05-19 17:32:49 +0000"
    },
    "done": true
  },
  "beachparty:palm_trapdoor": {
    "criteria": {
      "has_the_recipe": "2024-05-19 17:32:49 +0000"
    },
    "done": true
  },
  "nethervinery:obsidian_stem": {
    "criteria": {
      "has_the_recipe": "2024-05-19 17:32:49 +0000"
    },
    "done": true
  },
  "overweight_farming:building_blocks/vegetable_compost": {
    "criteria": {
      "has_the_recipe": "2024-05-19 17:32:49 +0000"
    },
    "done": true
  },
  "beachparty:palm_fence": {
    "criteria": {
      "has_the_recipe": "2024-05-19 17:32:49 +0000"
    },
    "done": true
  },
  "nethervinery:warped_grape_seeds": {
    "criteria": {
      "has_the_recipe": "2024-05-19 17:32:49 +0000"
    },
    "done": true
  },
  "beachparty:beach_hat": {
    "criteria": {
      "has_the_recipe": "2024-05-19 17:32:49 +0000"
    },
    "done": true
  },
  "beachparty:palm_button": {
    "criteria": {
      "has_the_recipe": "2024-05-19 17:32:49 +0000"
    },
    "done": true
  },
  "beachparty:palm_tall_torch": {
    "criteria": {
      "has_the_recipe": "2024-05-19 17:32:49 +0000"
    },
    "done": true
  },
  "farmersdelight:main/root": {
    "criteria": {
      "seeds": "2024-05-19 17:32:49 +0000"
    },
    "done": true
  },
  "nethervinery:improved_lava_fizz": {
    "criteria": {
      "has_the_recipe": "2024-05-19 17:32:49 +0000"
    },
    "done": true
  },
  "nethervinery:crested_warped_planks": {
    "criteria": {
      "has_the_recipe": "2024-05-19 17:32:49 +0000"
    },
    "done": true
  },
  "beachparty:hammock": {
    "criteria": {
      "has_the_recipe": "2024-05-19 17:32:49 +0000"
    },
    "done": true
  },
  "beachparty:palm_wood": {
    "criteria": {
      "has_the_recipe": "2024-05-19 17:32:49 +0000"
    },
    "done": true
  },
  "nethervinery:warped_apple_press": {
    "criteria": {
      "has_the_recipe": "2024-05-19 17:32:49 +0000"
    },
    "done": true
  },
  "nethervinery:crimson_wine_rack_small": {
    "criteria": {
      "has_the_recipe": "2024-05-19 17:32:49 +0000"
    },
    "done": true
  },
  "candlelight:main/root": {
    "criteria": {
      "seeds": "2024-05-19 17:32:49 +0000"
    },
    "done": true
  },
  "beachparty:beach_towel": {
    "criteria": {
      "has_the_recipe": "2024-05-19 17:32:49 +0000"
    },
    "done": true
  },
  "nethervinery:warped_fermentation_barrel": {
    "criteria": {
      "has_the_recipe": "2024-05-19 17:32:49 +0000"
    },
    "done": true
  },
  "beachparty:lounge_chair": {
    "criteria": {
      "has_the_recipe": "2024-05-19 17:32:49 +0000"
    },
    "done": true
  },
  "beachparty:table": {
    "criteria": {
      "has_the_recipe": "2024-05-19 17:32:49 +0000"
    },
    "done": true
  },
  "nethervinery:reinforced_warped_planks": {
    "criteria": {
      "has_the_recipe": "2024-05-19 17:32:49 +0000"
    },
    "done": true
  },
  "beachparty:cabinet": {
    "criteria": {
      "has_the_recipe": "2024-05-19 17:32:49 +0000"
    },
    "done": true
  },
  "bakery:main/root": {
    "criteria": {
      "seeds": "2024-05-19 17:32:49 +0000"
    },
    "done": true
  },
  "nethervinery:crimson_wine_rack_mid": {
    "criteria": {
      "has_the_recipe": "2024-05-19 17:32:49 +0000"
    },
    "done": true
  },
  "beachparty:palm_floorboard": {
    "criteria": {
      "has_the_recipe": "2024-05-19 17:32:49 +0000"
    },
    "done": true
  },
  "nethervinery:crimson_grape_crate": {
    "criteria": {
      "has_the_recipe": "2024-05-19 17:32:49 +0000"
    },
    "done": true
  },
  "vinery:main/root": {
    "criteria": {
      "seeds": "2024-05-19 17:32:49 +0000"
    },
    "done": true
  },
  "beachparty:radio": {
    "criteria": {
      "has_the_recipe": "2024-05-19 17:32:49 +0000"
    },
    "done": true
  },
  "overweight_farming:building_blocks/waxed_half_seeded_peeled_melon_from_honeycomb": {
    "criteria": {
      "has_the_recipe": "2024-05-19 17:32:49 +0000"
    },
    "done": true
  },
  "beachparty:palm_planks": {
    "criteria": {
      "has_the_recipe": "2024-05-19 17:32:49 +0000"
    },
    "done": true
  },
  "iceandfire:iceandfire/root": {
    "criteria": {
      "tick": "2024-05-19 17:32:50 +0000"
    },
    "done": true
  },
  "bossominium:loot_bosses_a": {
    "criteria": {
      "loot_bosses_a": "2024-05-19 17:32:50 +0000"
    },
    "done": true
  },
  "minecraft:adventure/adventuring_time": {
    "criteria": {
      "quark:glimmering_weald": "2024-05-20 00:56:36 +0000",
      "minecraft:birch_forest": "2024-05-20 01:19:21 +0000",
      "minecraft:bamboo_jungle": "2024-05-20 02:49:23 +0000",
      "minecraft:wooded_badlands": "2024-05-20 04:20:17 +0000",
      "minecraft:savanna_plateau": "2024-05-20 04:49:11 +0000",
      "minecraft:beach": "2024-05-20 01:47:51 +0000",
      "minecraft:dark_forest": "2024-05-20 01:37:01 +0000",
      "minecraft:stony_peaks": "2024-05-20 05:16:51 +0000",
      "minecraft:sparse_jungle": "2024-05-20 00:32:05 +0000",
      "minecraft:river": "2024-05-20 00:19:38 +0000",
      "minecraft:lukewarm_ocean": "2024-05-20 04:25:32 +0000",
      "minecraft:stony_shore": "2024-05-20 02:25:52 +0000",
      "minecraft:forest": "2024-05-20 00:19:18 +0000",
      "minecraft:desert": "2024-05-20 04:20:22 +0000",
      "minecraft:windswept_forest": "2024-05-20 06:00:26 +0000",
      "minecraft:jungle": "2024-05-20 00:39:10 +0000",
      "minecraft:ocean": "2024-05-20 05:36:44 +0000",
      "minecraft:windswept_savanna": "2024-05-20 05:46:57 +0000",
      "minecraft:old_growth_birch_forest": "2024-05-20 01:19:44 +0000",
      "minecraft:meadow": "2024-05-20 01:27:09 +0000",
      "minecraft:savanna": "2024-05-19 17:32:52 +0000",
      "minecraft:plains": "2024-05-20 00:19:48 +0000"
    },
    "done": false
  },
  "minecraft:story/root": {
    "criteria": {
      "crafting_table": "2024-05-20 00:08:30 +0000"
    },
    "done": true
  },
  "quark:crawl_in_hollow_log": {
    "criteria": {
      "crawl_in_hollow_log": "2024-05-20 00:09:22 +0000"
    },
    "done": true
  },
  "minecraft:adventure/root": {
    "criteria": {
      "killed_something": "2024-05-20 00:10:16 +0000"
    },
    "done": true
  },
  "minecraft:adventure/kill_all_mobs": {
    "criteria": {
      "minecraft:pillager": "2024-05-20 01:29:44 +0000",
      "minecraft:skeleton": "2024-05-20 00:28:10 +0000",
      "minecraft:spider": "2024-05-20 00:46:55 +0000",
      "minecraft:creeper": "2024-05-20 00:10:16 +0000",
      "minecraft:witch": "2024-05-20 00:46:21 +0000",
      "minecraft:husk": "2024-05-20 04:24:54 +0000",
      "minecraft:cave_spider": "2024-05-20 00:31:19 +0000",
      "minecraft:piglin": "2024-05-20 06:02:59 +0000",
      "minecraft:zombie": "2024-05-20 00:26:26 +0000",
      "minecraft:zombie_villager": "2024-05-20 00:15:52 +0000"
    },
    "done": false
  },
  "minecraft:adventure/kill_a_mob": {
    "criteria": {
      "minecraft:creeper": "2024-05-20 00:10:16 +0000"
    },
    "done": true
  },
  "minecraft:story/mine_stone": {
    "criteria": {
      "get_stone": "2024-05-20 00:14:10 +0000"
    },
    "done": true
  },
  "biomancy:biomancy/root": {
    "criteria": {
      "has_raw_meats": "2024-05-20 00:14:34 +0000"
    },
    "done": true
  },
  "minecraft:story/upgrade_tools": {
    "criteria": {
      "stone_pickaxe": "2024-05-20 00:14:40 +0000"
    },
    "done": true
  },
  "minecraft:husbandry/balanced_diet": {
    "criteria": {
      "apple": "2024-05-20 00:30:08 +0000",
      "bread": "2024-05-20 00:49:23 +0000",
      "rotten_flesh": "2024-05-20 00:16:01 +0000"
    },
    "done": false
  },
  "minecraft:husbandry/root": {
    "criteria": {
      "consumed_item": "2024-05-20 00:16:01 +0000"
    },
    "done": true
  },
  "iceandfire:iceandfire/bestiary": {
    "criteria": {
      "bestiary": "2024-05-20 00:20:34 +0000"
    },
    "done": true
  },
  "iceandfire:iceandfire/lectern": {
    "criteria": {
      "bestiary": "2024-05-20 00:20:52 +0000"
    },
    "done": true
  },
  "simplefarming:berries": {
    "criteria": {
      "blueberries": "2024-05-20 01:09:32 +0000",
      "strawberries": "2024-05-20 00:22:10 +0000"
    },
    "done": false
  },
  "simplefarming:root": {
    "criteria": {
      "pickup_seed": "2024-05-20 00:23:36 +0000"
    },
    "done": true
  },
  "minecraft:story/smelt_iron": {
    "criteria": {
      "iron": "2024-05-20 00:23:58 +0000"
    },
    "done": true
  },
  "minecraft:story/obtain_armor": {
    "criteria": {
      "iron_leggings": "2024-05-20 00:24:00 +0000"
    },
    "done": true
  },
  "iceandfire:iceandfire/kill_ghost": {
    "criteria": {
      "killed_fire_dragon": "2024-05-20 00:26:25 +0000"
    },
    "done": true
  },
  "minecraft:adventure/sleep_in_bed": {
    "criteria": {
      "slept_in_bed": "2024-05-20 00:26:53 +0000"
    },
    "done": true
  },
  "minecraft:story/iron_tools": {
    "criteria": {
      "iron_pickaxe": "2024-05-20 00:29:42 +0000"
    },
    "done": true
  },
  "vinery:main/get_apple": {
    "criteria": {
      "apple": "2024-05-20 00:30:03 +0000"
    },
    "done": true
  },
  "farmersdelight:main/get_fd_seed": {
    "criteria": {
      "cabbage_seeds": "2024-05-20 00:32:13 +0000"
    },
    "done": true
  },
  "iwannaskate:iwannaskate/wandering_skater": {
    "criteria": {
      "example": "2024-05-20 00:40:43 +0000"
    },
    "done": true
  },
  "minecraft:story/mine_diamond": {
    "criteria": {
      "diamond": "2024-05-20 00:51:40 +0000"
    },
    "done": true
  },
  "alexsmobs:alexsmobs/stomp_leafcutter_anthill": {
    "criteria": {
      "ex": "2024-05-20 01:07:28 +0000"
    },
    "done": true
  },
  "alexsmobs:alexsmobs/leafcutter_ant_pupa": {
    "criteria": {
      "leafcutter_ant_pupa": "2024-05-20 01:07:53 +0000"
    },
    "done": true
  },
  "ylf_mod:thisisspacialleaves": {
    "criteria": {
      "thisisspacialleaves": "2024-05-20 01:14:43 +0000"
    },
    "done": true
  },
  "minecraft:husbandry/tame_an_animal": {
    "criteria": {
      "tamed_animal": "2024-05-20 01:16:46 +0000"
    },
    "done": true
  },
  "ylf_mod:ylfmaster": {
    "criteria": {
      "ylf_mod:ylf1": "2024-05-20 01:16:46 +0000"
    },
    "done": false
  },
  "ylf_mod:coolnewfriend": {
    "criteria": {
      "coolnewfriend": "2024-05-20 01:16:46 +0000"
    },
    "done": true
  },
  "minecraft:adventure/shoot_arrow": {
    "criteria": {
      "shot_arrow": "2024-05-20 01:45:57 +0000"
    },
    "done": true
  },
  "minecraft:story/deflect_arrow": {
    "criteria": {
      "deflected_projectile": "2024-05-20 02:09:50 +0000"
    },
    "done": true
  },
  "croptopia:gather_all": {
    "criteria": {
      "raspberry_seed": "2024-05-20 02:10:54 +0000",
      "corn_seed": "2024-05-20 02:23:35 +0000"
    },
    "done": false
  },
  "croptopia:getseeds": {
    "criteria": {
      "has_seeds": "2024-05-20 02:10:54 +0000"
    },
    "done": true
  },
  "croptopia:gather_forest": {
    "criteria": {
      "raspberry_seed": "2024-05-20 02:10:54 +0000"
    },
    "done": false
  },
  "alexsmobs:alexsmobs/crocodile": {
    "criteria": {
      "killed_by": "2024-05-20 02:11:16 +0000"
    },
    "done": true
  },
  "candlelight:main/find_rose": {
    "criteria": {
      "rose": "2024-05-20 02:17:57 +0000"
    },
    "done": true
  },
  "croptopia:gather_plains": {
    "criteria": {
      "corn_seed": "2024-05-20 02:23:35 +0000"
    },
    "done": false
  },
  "alexsmobs:alexsmobs/acacia_blossom": {
    "criteria": {
      "acacia_blossom": "2024-05-20 02:37:52 +0000"
    },
    "done": true
  },
  "alexsmobs:alexsmobs/emu": {
    "criteria": {
      "killed_by": "2024-05-20 02:38:25 +0000"
    },
    "done": true
  },
  "biomancy:biomancy/predator_killer": {
    "criteria": {
      "has_killed_claws_mob": "2024-05-20 02:38:27 +0000"
    },
    "done": false
  },
  "minecraft:story/lava_bucket": {
    "criteria": {
      "lava_bucket": "2024-05-20 02:40:39 +0000"
    },
    "done": true
  },
  "iceandfire:iceandfire/kill_deathworm": {
    "criteria": {
      "killed_fire_dragon": "2024-05-20 04:24:33 +0000"
    },
    "done": true
  },
  "candlelight:main/find_wild_crops": {
    "criteria": {
      "tomato": "2024-05-20 04:41:19 +0000"
    },
    "done": true
  },
  "candlelight:main/eat_tomato": {
    "criteria": {
      "tomato": "2024-05-20 04:41:23 +0000"
    },
    "done": true
  },
  "farmersdelight:main/get_rich_soil": {
    "criteria": {
      "get_rich_soil": "2024-05-20 04:45:45 +0000"
    },
    "done": true
  },
  "iceandfire:iceandfire/kill_if_dragon": {
    "criteria": {
      "killed_lightning_dragon": "2024-05-20 04:56:25 +0000"
    },
    "done": true
  },
  "biomancy:biomancy/flesh": {
    "criteria": {
      "has_ender_pearl": "2024-05-20 05:02:34 +0000"
    },
    "done": true
  },
  "alexsmobs:alexsmobs/seagull_steal": {
    "criteria": {
      "ex": "2024-05-20 05:32:38 +0000"
    },
    "done": true
  },
  "iceandfire:iceandfire/gorgon_head": {
    "criteria": {
      "bestiary": "2024-05-20 05:41:54 +0000"
    },
    "done": true
  },
  "beachparty:palm_torch": {
    "criteria": {
      "has_bamboo": "2024-05-20 05:53:32 +0000"
    },
    "done": true
  },
  "DataVersion": 3465
}